group,t,q,qd,tau_ext_true,r,tau_f_true
A,0,0,0,0,0,0
A,0.01,0.0041509474,0.79150199,0,0.145711,0.16583005
A,0.02,0.015262076,1.3947166,0,0.14021853,0.17789433
A,0.03,0.031542766,1.8316338,0,0.14578824,0.18663268
A,0.04,0.051469245,2.1298445,0,0.15550762,0.19259689
A,0.05,0.073790714,2.3160273,0,0.16529404,0.19632055
A,0.06,0.09751169,2.4144055,0,0.17394786,0.19828811
A,0.07,0.12186296,2.4459605,0,0.18062766,0.19891921
A,0.08,0.14626749,2.4281742,0,0.18562581,0.19856348
A,0.09,0.17030568,2.3751203,0,0.18891153,0.19750241
A,0.1,0.19368267,2.2977652,0,0.19071712,0.1959553
A,0.11,0.21619927,2.2043806,0,0.19141643,0.19408761
A,0.12,0.2377273,2.1009939,0,0.19129454,0.19201988
A,0.13,0.25818941,1.9918309,0,0.19050484,0.18983662
A,0.14,0.27754315,1.8797228,0,0.18925693,0.18759446
A,0.15,0.29576883,1.7664597,0,0.18750125,0.18532919
A,0.16,0.31286071,1.6530872,0,0.18556185,0.18306174
A,0.17,0.32882073,1.5401449,0,0.18351475,0.1808029
A,0.18,0.34365453,1.4278524,0,0.18151568,0.17855705
A,0.19,0.35736889,1.3162482,0,0.1791102,0.17632496
A,0.2,0.36997052,1.2052894,0,0.17706073,0.17410579
A,0.21,0.38146557,1.0949203,0,0.17469888,0.17189841
A,0.22,0.39185979,0.98511528,0,0.17256629,0.16970231
A,0.23,0.4011589,0.87590372,0,0.17029474,0.16751808
A,0.24,0.40936926,0.76738058,0,0.1681796,0.16534763
A,0.25,0.41649853,0.659708,0,0.16605862,0.16319435
A,0.26,0.42255628,0.55311021,0,0.16399507,0.16106377
A,0.27,0.42755464,0.44786264,0,0.16184825,0.15897013
A,0.28,0.43150859,0.34426156,0,0.15977674,0.15698751
A,0.29,0.43443569,0.2424614,0,0.15786725,0.15563267
A,0.3,0.4363506,0.14133381,0,0.15713214,0.15874761
A,0.31,0.43721898,0.027868693,0,0.16440362,0.20782848
A,0.32,0.43724835,0.00045209771,0,0.12671064,0.24910892
A,0.33,0.43725036,0.00084934773,0,0.063527081,0.24833264
A,0.34,0.4372468,0.0010792223,0,0.0078358517,0.24788627
A,0.35,0.43723783,0.00085439335,0,-0.04756167,0.24832282
A,0.36,0.43722341,0.0003754501,0,-0.10529916,0.24925942
A,0.37,0.43720128,-0.0048204512,0,-0.16571694,-0.24090566
A,0.38,0.43698645,-0.0553587,0,-0.20178861,-0.18415634
A,0.39,0.43581792,-0.18216837,0,-0.18554048,-0.15625978
A,0.4,0.433318,-0.31505662,0,-0.16871783,-0.15648456
A,0.41,0.42954567,-0.43575,0,-0.16092275,-0.15873141
A,0.42,0.42464455,-0.54066205,0,-0.15846384,-0.16081525
A,0.43,0.41877908,-0.6287241,0,-0.15840719,-0.16257483
A,0.44,0.41211804,-0.70002801,0,-0.15929832,-0.16400064
A,0.45,0.40482549,-0.75535417,0,-0.16045334,-0.16510711
A,0.46,0.39705558,-0.79586071,0,-0.16158569,-0.16591723
A,0.47,0.3889499,-0.82286737,0,-0.16264995,-0.16645735
A,0.48,0.38063667,-0.83771153,0,-0.16344419,-0.16675424
A,0.49,0.37223104,-0.84165942,0,-0.16414555,-0.16683319
A,0.5,0.36383606,-0.83585779,0,-0.16456137,-0.16671716
A,0.51,0.35554403,-0.82131442,0,-0.16464879,-0.1664263
A,0.52,0.34743785,-0.79889788,0,-0.16462166,-0.16597797
A,0.53,0.33959243,-0.76934914,0,-0.16431694,-0.165387
A,0.54,0.33207581,-0.73329976,0,-0.1640109,-0.16466604
A,0.55,0.32495019,-0.69129274,0,-0.16350356,-0.16382595
A,0.56,0.3182727,-0.64380337,0,-0.16265038,-0.16287632
A,0.57,0.31209597,-0.59125847,0,-0.1618825,-0.1618259
A,0.58,0.30646855,-0.53405298,0,-0.16095084,-0.16068336
A,0.59,0.30143513,-0.47256303,0,-0.15986063,-0.15945912
A,0.6,0.2970367,-0.40715351,0,-0.15887256,-0.15817214
A,0.61,0.29331068,-0.33817191,0,-0.15763876,-0.15687896
A,0.62,0.2902913,-0.26588878,0,-0.15639695,-0.15580814
A,0.63,0.28801154,-0.19018699,0,-0.1555741,-0.15603247
A,0.64,0.28651323,-0.10884243,0,-0.15658079,-0.16351668
A,0.65,0.28591649,-0.0014764954,0,-0.17023806,-0.24711971
A,0.66,0.28591089,-0.0011881567,0,-0.12374892,-0.24767546
A,0.67,0.28590886,-0.0019012227,0,-0.06774079,-0.24630696
A,0.68,0.2859109,-0.0012910586,0,-0.014507672,-0.24747676
A,0.69,0.28592009,0.0031509351,0,0.041274451,0.24395561
A,0.7,0.28593454,0.0031671559,0,0.10218768,0.24392548
A,0.71,0.28596109,0.0062385749,0,0.16754793,0.23839463
A,0.72,0.28630055,0.080570159,0,0.19794987,0.17157214
A,0.73,0.28781922,0.22543424,0,0.18054044,0.15560998
A,0.74,0.29083692,0.37586981,0,0.16692518,0.15757175
A,0.75,0.29532587,0.51885046,0,0.1615299,0.16038012
A,0.76,0.30119016,0.65064027,0,0.16034679,0.16301303
A,0.77,0.30830818,0.76955944,0,0.1610763,0.16539121
A,0.78,0.31654791,0.87510517,0,0.16252618,0.16750211
A,0.79,0.32577635,0.96751463,0,0.16433632,0.16935029
A,0.8,0.33586522,1.0474507,0,0.16627712,0.17094901
A,0.81,0.34669407,1.1157779,0,0.16788078,0.17231556
A,0.82,0.35815143,1.1734103,0,0.16965186,0.17346821
A,0.83,0.3701348,1.2212151,0,0.17101128,0.1744243
A,0.84,0.38254987,1.2599583,0,0.17213257,0.17519917
A,0.85,0.39530936,1.2902797,0,0.17301994,0.17580559
A,0.86,0.40833174,1.3126895,0,0.1738366,0.17625379
A,0.87,0.42153995,1.3275769,0,0.17440408,0.17655154
A,0.88,0.43486029,1.3352271,0,0.17473509,0.17670454
A,0.89,0.44822146,1.3358413,0,0.17516483,0.17671683
A,0.9,0.46155384,1.3295581,0,0.17520869,0.17659116
A,0.91,0.47478898,1.3164729,0,0.17511164,0.17632946
A,0.92,0.48785922,1.2966564,0,0.17485735,0.17593313
A,0.93,0.50069755,1.2701691,0,0.17455011,0.17540338
A,0.94,0.51323759,1.2370743,0,0.17402405,0.17474149
A,0.95,0.52541363,1.1974477,0,0.17348167,0.17394895
A,0.96,0.5371608,1.1513846,0,0.17267987,0.17302769
A,0.97,0.54841534,1.0990053,0,0.17177645,0.17198011
A,0.98,0.5591148,1.0404584,0,0.17086003,0.17080917
A,0.99,0.56919839,0.97592252,0,0.16966219,0.16951845
A,1,0.57860724,0.90560757,0,0.16853581,0.16811215
A,1.01,0.58728476,0.82975419,0,0.16724138,0.16659509
A,1.02,0.59517691,0.7486332,0,0.16585504,0.1649727
A,1.03,0.6022325,0.66254417,0,0.1642432,0.16325106
A,1.04,0.60840348,0.57181363,0,0.16253359,0.16143735
A,1.05,0.61364518,0.47679185,0,0.16085163,0.15954306
A,1.06,0.61791652,0.37784099,0,0.15907745,0.15760907
A,1.07,0.62117985,0.27525449,0,0.15728122,0.15591169
A,1.08,0.62339796,0.16857926,0,0.15603161,0.1568051
A,1.09,0.62450409,0.049351636,0,0.15977595,0.18825512
A,1.1,0.62458372,0.0016756887,0,0.12609477,0.24673767
A,1.11,0.62458244,0.0017422237,0,0.046469984,0.24661041
A,1.12,0.62457337,-0.0030905842,0,-0.027862161,-0.2440678
A,1.13,0.62455633,-0.0031536569,0,-0.10468803,-0.24395055
A,1.14,0.62448573,-0.023672634,0,-0.17927905,-0.21275826
A,1.15,0.62365217,-0.15700131,0,-0.18767162,-0.15746819
A,1.16,0.62120251,-0.33319935,0,-0.17255218,-0.15679159
A,1.17,0.61695584,-0.51424074,0,-0.16504807,-0.16028823
A,1.18,0.61091195,-0.69172525,0,-0.16287305,-0.1638346
A,1.19,0.60313097,-0.86117957,0,-0.16347779,-0.16722359
A,1.2,0.59370722,-1.0200943,0,-0.16529818,-0.17040189
A,1.21,0.58275285,-1.1673161,0,-0.16760457,-0.17334632
A,1.22,0.57038665,-1.3025939,0,-0.17027957,-0.17605188
A,1.23,0.55672686,-1.4262343,0,-0.1729887,-0.17852469
A,1.24,0.54188693,-1.5388472,0,-0.17538915,-0.18077694
A,1.25,0.52597347,-1.6411686,0,-0.1778203,-0.18282337
A,1.26,0.50908562,-1.7339417,0,-0.18018586,-0.18467883
A,1.27,0.49131536,-1.8178451,0,-0.18220962,-0.1863569
A,1.28,0.47274838,-1.8934543,0,-0.18395571,-0.18786909
A,1.29,0.45346521,-1.9612274,0,-0.18571178,-0.18922455
A,1.3,0.4335424,-2.0215066,0,-0.18713898,-0.19043013
A,1.31,0.41305359,-2.0745304,0,-0.18836117,-0.19149061
A,1.32,0.39207052,-2.1204499,0,-0.18955749,-0.192409
A,1.33,0.37066375,-2.1593486,0,-0.19073134,-0.19318697
A,1.34,0.34890329,-2.1912613,0,-0.19145942,-0.19382523
A,1.35,0.32685896,-2.2161923,0,-0.19224486,-0.19432385
A,1.36,0.30460061,-2.2341307,0,-0.19272612,-0.19468261
A,1.37,0.28219825,-2.2450639,0,-0.19310837,-0.19490128
A,1.38,0.25972196,-2.2489884,0,-0.19334303,-0.19497977
A,1.39,0.23724176,-2.2459178,0,-0.19349761,-0.19491836
A,1.4,0.21482745,-2.2358893,0,-0.19335267,-0.19471779
A,1.41,0.1925483,-2.2189677,0,-0.19314843,-0.19437935
A,1.42,0.17047279,-2.1952485,0,-0.19295058,-0.19390497
A,1.43,0.14866828,-2.1648594,0,-0.19246066,-0.19329719
A,1.44,0.12720067,-2.1279608,0,-0.19196733,-0.19255922
A,1.45,0.10613413,-2.0847455,0,-0.191346,-0.19169491
A,1.46,0.085530699,-2.0354382,0,-0.19055896,-0.19070876
A,1.47,0.065450046,-1.980294,0,-0.18965954,-0.18960588
A,1.48,0.045949124,-1.9195973,0,-0.18854275,-0.18839195
A,1.49,0.027081906,-1.8536596,0,-0.18752664,-0.18707319
A,1.5,0.0088991196,-1.7828181,0,-0.186217,-0.18565636
A,1.51,-0.0085519984,-1.7074334,0,-0.18501354,-0.18414867
A,1.52,-0.025227928,-1.6278874,0,-0.18352108,-0.18255775
A,1.53,-0.041089069,-1.5445816,0,-0.18208833,-0.18089163
A,1.54,-0.056099922,-1.4579343,0,-0.18056859,-0.17915869
A,1.55,-0.070229249,-1.3683789,0,-0.17878892,-0.17736758
A,1.56,-0.083450212,-1.2763615,0,-0.17715788,-0.17552723
A,1.57,-0.095740491,-1.1823387,0,-0.17543427,-0.17364677
A,1.58,-0.10708237,-1.0867752,0,-0.17374653,-0.1717355
A,1.59,-0.11746282,-0.99014171,0,-0.17192765,-0.16980283
A,1.6,-0.12687353,-0.89291244,0,-0.17006329,-0.16785825
A,1.61,-0.13531094,-0.79556301,0,-0.16836863,-0.16591127
A,1.62,-0.14277625,-0.69856806,0,-0.16633929,-0.16397145
A,1.63,-0.14927539,-0.60239887,0,-0.1645279,-0.16204856
A,1.64,-0.15481898,-0.5075204,0,-0.16273856,-0.16015431
A,1.65,-0.15942221,-0.41438455,0,-0.16096253,-0.15831285
A,1.66,-0.16310465,-0.3234006,0,-0.15917506,-0.15662324
A,1.67,-0.1658892,-0.23477678,0,-0.15765048,-0.15560913
A,1.68,-0.16779686,-0.14764999,0,-0.15702955,-0.15817129
A,1.69,-0.16881666,-0.054443344,0,-0.16185149,-0.18474864
A,1.7,-0.16894536,0.00013100215,0,-0.15194967,0.24974096
A,1.71,-0.16895123,-0.0006293575,0,-0.097497525,-0.24876176
A,1.72,-0.1689536,0.00063705552,0,-0.052213713,0.24874671
A,1.73,-0.16895213,0.0026445365,0,-0.010018322,0.24490126
A,1.74,-0.16894683,-0.0014355397,0,0.033044384,-0.24719846
A,1.75,-0.1689358,0.00098800182,0,0.077346822,0.24806315
A,1.76,-0.16891917,0.0019130113,0,0.12338445,0.24628451
A,1.77,-0.16889668,0.0026558634,0,0.17079044,0.24488
A,1.78,-0.16881399,0.02496732,0,0.20856435,0.21119207
A,1.79,-0.16814006,0.11758475,0,0.19847355,0.16187246
A,1.8,-0.16640838,0.22606126,0,0.17514096,0.15560879
A,1.81,-0.16366399,0.31864095,0,0.16248344,0.15654355
A,1.82,-0.16009438,0.39119884,0,0.1572914,0.15786398
A,1.83,-0.15589945,0.44407478,0,0.15568984,0.15889539
A,1.84,-0.15126956,0.47864829,0,0.15565479,0.15957992
A,1.85,-0.146379,0.49668296,0,0.15615143,0.15993851
A,1.86,-0.14138373,0.50004732,0,0.15676881,0.16000548
A,1.87,-0.1364212,0.49055467,0,0.15706248,0.15981658
A,1.88,-0.13161142,0.46987209,0,0.15727796,0.15940574
A,1.89,-0.12705867,0.43947619,0,0.15713661,0.15880476
A,1.9,-0.12285348,0.40063964,0,0.1568893,0.15804591
A,1.91,-0.11907467,0.35443422,0,0.1564492,0.15717213
A,1.92,-0.11579137,0.30173164,0,0.15589997,0.15627407
A,1.93,-0.11306514,0.24315408,0,0.15512552,0.15563575
A,1.94,-0.11095357,0.17878498,0,0.15497187,0.15637528
A,1.95,-0.10952132,0.10663391,0,0.15636555,0.16398462
A,1.96,-0.10890131,0.0095745554,0,0.16893066,0.23276419
A,1.97,-0.10889071,0.0002393919,0,0.13121268,0.24952715
A,1.98,-0.10888755,0.002342507,0,0.077102559,0.24546989
A,1.99,-0.1088904,-0.0016083333,0,0.025145309,-0.24686668
A,2,-0.10889678,0.00057768416,0,-0.030569482,0.24886283
A,2.01,-0.10891083,0.00043476484,0,-0.092039592,0.24914294
A,2.02,-0.10893502,-0.0052565331,0,-0.15975302,-0.24012582
A,2.03,-0.10923494,-0.074947603,0,-0.19687742,-0.17383536
A,2.04,-0.11071648,-0.22476005,0,-0.18123374,-0.15561144
A,2.05,-0.1137745,-0.38515823,0,-0.1677481,-0.1577483
A,2.06,-0.118422,-0.54168658,0,-0.16256346,-0.1608357
A,2.07,-0.12459623,-0.69010391,0,-0.16157361,-0.16380218
A,2.08,-0.13220429,-0.8283281,0,-0.16239953,-0.16656657
A,2.09,-0.14113926,-0.95553887,0,-0.16432422,-0.16911078
A,2.1,-0.15129043,-1.0717249,0,-0.16647452,-0.1714345
A,2.11,-0.16254963,-1.1773524,0,-0.16852892,-0.17354705
A,2.12,-0.1748147,-1.273126,0,-0.17082368,-0.17546252
A,2.13,-0.18799102,-1.3598238,0,-0.17291238,-0.17719648
A,2.14,-0.20199167,-1.4381911,0,-0.17480253,-0.17876382
A,2.15,-0.21673671,-1.508878,0,-0.1765859,-0.18017756
A,2.16,-0.2321521,-1.5724092,0,-0.17817101,-0.18144818
A,2.17,-0.24816837,-1.6291762,0,-0.17952469,-0.18258352
A,2.18,-0.26471932,-1.6794437,0,-0.18076903,-0.18358887
A,2.19,-0.28174081,-1.7233652,0,-0.18185961,-0.1844673
A,2.2,-0.29916976,-1.7610026,0,-0.18279307,-0.18522005
A,2.21,-0.31694334,-1.7923474,0,-0.18356571,-0.18584695
A,2.22,-0.33499836,-1.8173413,0,-0.18419424,-0.18634683
A,2.23,-0.35327088,-1.8358948,0,-0.18487852,-0.1867179
A,2.24,-0.37169597,-1.8479036,0,-0.18520375,-0.18695807
A,2.25,-0.39020765,-1.8532621,0,-0.18544483,-0.18706524
A,2.26,-0.40873892,-1.8518747,0,-0.18553436,-0.18703749
A,2.27,-0.42722191,-1.8436638,0,-0.18550015,-0.18687328
A,2.28,-0.4455881,-1.8285765,0,-0.18542365,-0.18657153
A,2.29,-0.46376858,-1.8065891,0,-0.18520675,-0.18613178
A,2.3,-0.48169437,-1.77771,0,-0.18463564,-0.1855542
A,2.31,-0.49929672,-1.7419817,0,-0.18417571,-0.18483963
A,2.32,-0.51650751,-1.6994812,0,-0.18345287,-0.18398962
A,2.33,-0.53325955,-1.6503205,0,-0.18262972,-0.18300641
A,2.34,-0.54948696,-1.5946463,0,-0.18194413,-0.18189293
A,2.35,-0.56512548,-1.5326385,0,-0.1806957,-0.18065277
A,2.36,-0.58011282,-1.4645096,0,-0.17963359,-0.17929019
A,2.37,-0.59438897,-1.3905031,0,-0.17834075,-0.17781006
A,2.38,-0.60789651,-1.3108919,0,-0.17691584,-0.17621784
A,2.39,-0.6205809,-1.2259769,0,-0.17541401,-0.17451954
A,2.4,-0.63239072,-1.1360849,0,-0.17377421,-0.1727217
A,2.41,-0.64327795,-1.0415672,0,-0.17209524,-0.17083134
A,2.42,-0.65319822,-0.94279726,0,-0.17032548,-0.16885595
A,2.43,-0.66211096,-0.84016901,0,-0.16846331,-0.16680339
A,2.44,-0.66997968,-0.73409485,0,-0.1664856,-0.16468194
A,2.45,-0.67677204,-0.62500343,0,-0.16435991,-0.16250044
A,2.46,-0.68246012,-0.51333691,0,-0.16241893,-0.16027022
A,2.47,-0.68702042,-0.3995418,0,-0.16017367,-0.15802469
A,2.48,-0.6904337,-0.283996,0,-0.15811371,-0.1560213
A,2.49,-0.69268189,-0.16625826,0,-0.15660394,-0.15692182
A,2.5,-0.69371083,-0.035305688,0,-0.16136016,-0.20006197
A,2.51,-0.6937476,0.00071305339,0,-0.11354989,0.24859828
A,2.52,-0.69374462,0.0027521391,0,-0.031435368,0.24469951
A,2.53,-0.69373385,0.0017627028,0,0.04476295,0.24657127
A,2.54,-0.69371414,0.0023057425,0,0.12337913,0.24553934
A,2.55,-0.69356705,0.045115441,0,0.18694557,0.19146551
A,2.56,-0.69242015,0.19267045,0,0.18302884,0.15597414
A,2.57,-0.68962262,0.36611061,0,0.16954773,0.15738828
A,2.58,-0.68507974,0.54009361,0,0.16352865,0.16080391
A,2.59,-0.67882566,0.7075689,0,0.16224195,0.16415145
A,2.6,-0.67094716,0.86459879,0,0.16301577,0.16729198
A,2.61,-0.66156062,1.0090689,0,0.16483042,0.17018138
A,2.62,-0.65079681,1.1401235,0,0.1670265,0.17280247
A,2.63,-0.63879058,1.2577357,0,0.16936032,0.17515471
A,2.64,-0.62567423,1.3623833,0,0.17180817,0.17724767
A,2.65,-0.6115738,1.4548118,0,0.17405589,0.17909624
A,2.66,-0.59660722,1.5358703,0,0.17600449,0.18071741
A,2.67,-0.5808839,1.606403,0,0.1779326,0.18212806
A,2.68,-0.56450509,1.6671852,0,0.17940942,0.1833437
A,2.69,-0.54756482,1.7188898,0,0.18101046,0.1843778
A,2.7,-0.53015093,1.7620766,0,0.18222637,0.18524153
A,2.71,-0.51234625,1.7971959,0,0.18320957,0.18594392
A,2.72,-0.49422959,1.8246008,0,0.18397751,0.18649202
A,2.73,-0.47587666,1.8445644,0,0.18455527,0.18689129
A,2.74,-0.45736077,1.8572983,0,0.18516888,0.18714597
A,2.75,-0.43875331,1.8629715,0,0.18548243,0.18725943
A,2.76,-0.42012418,1.8617264,0,0.18566304,0.18723453
A,2.77,-0.40154187,1.8536939,0,0.18565603,0.18707388
A,2.78,-0.38307362,1.839005,0,0.18554984,0.1867801
A,2.79,-0.36478529,1.8178006,0,0.18541719,0.18635601
A,2.8,-0.34674125,1.7902384,0,0.18503884,0.18580477
A,2.81,-0.32900418,1.7564984,0,0.18445853,0.18512997
A,2.82,-0.31163487,1.7167855,0,0.18388136,0.18433571
A,2.83,-0.29469187,1.6713322,0,0.1831758,0.18342664
A,2.84,-0.27823131,1.6203985,0,0.18246743,0.18240797
A,2.85,-0.26230657,1.5642723,0,0.18144793,0.18128545
A,2.86,-0.24696799,1.5032683,0,0.18047954,0.18006537
A,2.87,-0.23226266,1.4377263,0,0.1792961,0.17875453
A,2.88,-0.21823414,1.3680098,0,0.17809265,0.1773602
A,2.89,-0.20492226,1.2945037,0,0.17672335,0.17589007
A,2.9,-0.19236287,1.2176123,0,0.17549944,0.17435225
A,2.91,-0.18058773,1.1377566,0,0.17403309,0.17275513
A,2.92,-0.16962429,1.0553724,0,0.17253432,0.17110745
A,2.93,-0.15949556,0.97090743,0,0.17103386,0.16941815
A,2.94,-0.15022008,0.8848192,0,0.16949157,0.16769639
A,2.95,-0.14181171,0.79757241,0,0.16775267,0.16595146
A,2.96,-0.13427968,0.70963659,0,0.16623267,0.1641928
A,2.97,-0.12762851,0.62148359,0,0.16460073,0.16243007
A,2.98,-0.12185797,0.53358483,0,0.16279312,0.16067402
A,2.99,-0.11696316,0.44640672,0,0.16133629,0.15894139
A,3,-0.11293459,0.36039607,0,0.15956323,0.15728199
A,3.01,-0.10975864,0.27591279,0,0.15809617,0.15591954
A,3.02,-0.10741966,0.19289373,0,0.15692908,0.15596916
A,3.03,-0.10591077,0.10908018,0,0.15772357,0.16346764
A,3.04,-0.10530157,0.005235205,0,0.17086952,0.2401638
A,3.05,-0.10529248,0.00070201726,0,0.13085174,0.24861982
A,3.06,-0.1052889,0.00213489,0,0.082639077,0.24586279
A,3.07,-0.10528667,0.0012634031,0,0.040138621,0.24753012
A,3.08,-0.10529049,-0.0011048716,0,-0.00092662161,-0.24783659
A,3.09,-0.10529808,-0.0025952722,0,-0.043423862,-0.24499377
A,3.1,-0.10531058,-0.00079104134,0,-0.087743809,-0.24844619
A,3.11,-0.10532868,-0.0024808914,0,-0.13394604,-0.24520892
A,3.12,-0.1053532,-0.0040421591,0,-0.18086679,-0.24231468
A,3.13,-0.10549702,-0.037807307,0,-0.21171773,-0.19770337
A,3.14,-0.10635981,-0.13943474,0,-0.19406879,-0.15893884
A,3.15,-0.10830393,-0.24602791,0,-0.17205662,-0.15565006
A,3.16,-0.11122935,-0.33482668,0,-0.16111482,-0.15682005
A,3.17,-0.11494065,-0.40339431,0,-0.15680341,-0.15809923
A,3.18,-0.11923791,-0.45242427,0,-0.1555986,-0.15906024
A,3.19,-0.123933,-0.483423,0,-0.15563723,-0.15967478
A,3.2,-0.12885455,-0.4981897,0,-0.15615708,-0.1599685
A,3.21,-0.13384961,-0.49857353,0,-0.15676376,-0.15997614
A,3.22,-0.13878336,-0.48633398,0,-0.1571021,-0.15973265
A,3.23,-0.14353777,-0.46306429,0,-0.15709696,-0.15927079
A,3.24,-0.14800974,-0.43015738,0,-0.15710889,-0.1586215
A,3.25,-0.15210905,-0.38879897,0,-0.15677805,-0.15781795
A,3.26,-0.15575634,-0.33997279,0,-0.15632524,-0.15691089
A,3.27,-0.15888101,-0.28445345,0,-0.15564711,-0.15602734
A,3.28,-0.16141887,-0.22270997,0,-0.15494299,-0.15561716
A,3.29,-0.16330702,-0.15436989,0,-0.15489408,-0.15764945
A,3.3,-0.16446412,-0.074991936,0,-0.158291,-0.17381645
A,3.31,-0.16473442,-0.00042033677,0,-0.16403388,-0.24917126
A,3.32,-0.1647401,0.00066949936,0,-0.10587335,0.24868332
A,3.33,-0.16474199,0.00057718771,0,-0.050737391,0.24886381
A,3.34,-0.16473721,-0.0016160847,0,0.0055624904,-0.24685183
A,3.35,-0.16472466,0.0028522661,0,0.06654935,0.24451217
A,3.36,-0.16470403,0.0029490473,0,0.13539327,0.24433145
A,3.37,-0.16462197,0.032778098,0,0.19890869,0.20257059
A,3.38,-0.16362752,0.17591022,0,0.19160441,0.15648347
A,3.39,-0.16101073,0.34643126,0,0.17302187,0.15702656
A,3.4,-0.15668615,0.51602892,0,0.16474871,0.16032387
A,3.41,-0.15069548,0.67911372,0,0.16247036,0.1635824
A,3.42,-0.14311866,0.83305533,0,0.16279814,0.16666111
A,3.43,-0.13405395,0.97669227,0,0.16473474,0.16953385
A,3.44,-0.12360609,1.1098137,0,0.16700172,0.17219627
A,3.45,-0.11187874,1.2327856,0,0.16951777,0.17465571
A,3.46,-0.098970166,1.3462785,0,0.17199986,0.17692557
A,3.47,-0.084971239,1.4510759,0,0.17437915,0.17902152
A,3.48,-0.069964968,1.5479494,0,0.17678443,0.18095899
A,3.49,-0.054027049,1.6375818,0,0.17880825,0.18275164
A,3.5,-0.037226976,1.7205279,0,0.18071308,0.18441056
A,3.51,-0.019629408,1.7972005,0,0.18269597,0.18594401
A,3.52,-0.001295582,1.8678741,0,0.18416839,0.18735748
A,3.53,0.017715363,1.9326986,0,0.18569369,0.18865397
A,3.54,0.037345242,1.9917187,0,0.18699437,0.18983437
A,3.55,0.057535879,2.0448966,0,0.1882621,0.19089793
A,3.56,0.078228393,2.0921329,0,0.1892511,0.19184266
A,3.57,0.099362685,2.1332874,0,0.19022107,0.19266575
A,3.58,0.12087713,2.1681969,0,0.19106282,0.19336394
A,3.59,0.1427084,2.1966899,0,0.19173396,0.1939338
A,3.6,0.1647915,2.2185998,0,0.19236417,0.194372
A,3.61,0.1870598,2.2337739,0,0.19273685,0.19467548
A,3.62,0.20944526,2.2420813,0,0.19312084,0.19484163
A,3.63,0.23187867,2.2434184,0,0.19313324,0.19486837
A,3.64,0.25428993,2.2377127,0,0.19339539,0.19475425
A,3.65,0.27660838,2.2249252,0,0.19317332,0.1944985
A,3.66,0.29876317,2.205052,0,0.19289958,0.19410104
A,3.67,0.32068357,2.178125,0,0.19274804,0.1935625
A,3.68,0.34229934,2.1442116,0,0.19216216,0.19288423
A,3.69,0.36354111,2.1034148,0,0.1915899,0.1920683
A,3.7,0.38434072,2.0558717,0,0.19068133,0.19111743
A,3.71,0.40463154,2.0017532,0,0.18972424,0.19003506
A,3.72,0.42434881,1.9412622,0,0.18887518,0.18882524
A,3.73,0.44342996,1.8746327,0,0.18762059,0.18749265
A,3.74,0.46181492,1.8021281,0,0.18647109,0.18604256
A,3.75,0.47944638,1.7240395,0,0.18518337,0.18448079
A,3.76,0.49627008,1.6406844,0,0.18366348,0.18281369
A,3.77,0.51223506,1.5524048,0,0.1820298,0.1810481
A,3.78,0.52729391,1.4595655,0,0.18039,0.17919131
A,3.79,0.54140296,1.3625521,0,0.17867524,0.17725104
A,3.8,0.5545225,1.2617693,0,0.17687529,0.17523539
A,3.81,0.56661694,1.1576389,0,0.17493531,0.17315278
A,3.82,0.57765501,1.0505975,0,0.17296203,0.17101195
A,3.83,0.58760986,0.94109482,0,0.1709059,0.1688219
A,3.84,0.59645919,0.82959124,0,0.16893781,0.16659183
A,3.85,0.60418535,0.71655579,0,0.16679569,0.16433118
A,3.86,0.61077543,0.60246375,0,0.16460313,0.16204986
A,3.87,0.61622126,0.4877932,0,0.16240855,0.15976166
A,3.88,0.62051945,0.37301082,0,0.16025118,0.15751777
A,3.89,0.62367083,0.25845147,0,0.15810398,0.15573804
A,3.9,0.62567528,0.14313764,0,0.15696492,0.15857389
A,3.91,0.62647324,0.0090607246,0,0.16595172,0.23360685
A,3.92,0.6264788,-1.9994326e-05,0,0.10528125,-0.24996042
A,3.93,0.62647728,-0.0013156879,0,0.030848754,-0.24742926
A,3.94,0.62646714,-0.0029943559,0,-0.038138166,-0.24424697
A,3.95,0.62645059,-0.0023732096,0,-0.10878142,-0.24541193
A,3.96,0.62640214,-0.014729748,0,-0.17892418,-0.22477792
A,3.97,0.62578395,-0.12463073,0,-0.19263198,-0.16076196
A,3.98,0.62375084,-0.28200591,0,-0.17479741,-0.15599536
A,3.99,0.62013032,-0.43951699,0,-0.16465579,-0.15880556
A,4,0.61497503,-0.58819158,0,-0.16122181,-0.16176461
A,4.01,0.60836195,-0.73354412,0.021976682,-0.15569145,-0.16467093
A,4.02,0.60029434,-0.87761845,0.043866632,-0.14189979,-0.16755237
A,4.03,0.59082452,-1.0131117,0.06558346,-0.12468852,-0.17026223
A,4.04,0.58006305,-1.135521,0.087041461,-0.10604835,-0.17271042
A,4.05,0.56815454,-1.2424092,0.10815595,-0.0868473,-0.17484818
A,4.06,0.5552601,-1.3328014,0.12884359,-0.06784816,-0.17665603
A,4.07,0.54154532,-1.4067068,0.14902275,-0.049002703,-0.17813414
A,4.08,0.52717228,-1.4647519,0.16861379,-0.030334325,-0.17929504
A,4.09,0.51229486,-1.5079111,0.18753938,-0.012166854,-0.18015822
A,4.1,0.49705628,-1.5373152,0.20572484,0.0058449211,-0.1807463
A,4.11,0.48158823,-1.5541235,0.2230984,0.023168531,-0.18108247
A,4.12,0.46601099,-1.5594451,0.23959149,0.040092883,-0.1811889
A,4.13,0.45043421,-1.5542949,0.25513902,0.056338748,-0.1810859
A,4.14,0.43495797,-1.5395752,0.26967963,0.071818096,-0.1807915
A,4.15,0.41967388,-1.5160754,0.28315595,0.086639774,-0.18032151
A,4.16,0.40466619,-1.4844809,0.29551477,0.10054518,-0.17968962
A,4.17,0.39001278,-1.445389,0.30670734,0.11375012,-0.17890778
A,4.18,0.3757859,-1.3993264,0.31668947,0.12570622,-0.17798653
A,4.19,0.36205283,-1.3467672,0.32542177,0.1368891,-0.17693534
A,4.2,0.34887631,-1.2881497,0.33286978,0.14665945,-0.17576299
A,4.21,0.33631479,-1.2238909,0.33900411,0.1554651,-0.17447782
A,4.22,0.32442263,-1.1543977,0.34380054,0.16307982,-0.17308795
A,4.23,0.31325011,-1.0800773,0.34724015,0.16936351,-0.17160155
A,4.24,0.30284345,-1.001343,0.34930935,0.17447281,-0.17002686
A,4.25,0.29324463,-0.91861944,0.35,0.17837432,-0.16837239
A,4.26,0.28449135,-0.83234533,0.34930935,0.18092034,-0.16664691
A,4.27,0.27661683,-0.74297455,0.34724015,0.18228355,-0.16485953
A,4.28,0.26964968,-0.65097618,0.34380054,0.1820715,-0.16301975
A,4.29,0.26361376,-0.55683333,0.33900411,0.18080934,-0.16113812
A,4.3,0.25852802,-0.46103967,0.33286978,0.17809045,-0.15923069
A,4.31,0.25440647,-0.36408447,0.32542177,0.17402073,-0.15735049
A,4.32,0.25125858,-0.26635933,0.31668947,0.16861121,-0.15581296
A,4.33,0.24909251,-0.16749719,0.30670734,0.16131979,-0.15685858
A,4.34,0.24794102,-0.060812969,0.29551477,0.14858338,-0.18084992
A,4.35,0.24780243,-4.0064124e-05,0.28315595,0.15435063,-0.24992071
A,4.36,0.24780327,-9.0483135e-05,0.26967963,0.21074985,-0.24982101
A,4.37,0.24780671,0.0030918913,0.25513902,0.25898458,0.24406537
A,4.38,0.2478171,0.0020226047,0.23959149,0.30494329,0.24607597
A,4.39,0.24783372,0.0028014312,0.2230984,0.35320614,0.24460724
A,4.4,0.24786513,0.0074089062,0.20572484,0.40334278,0.23637593
A,4.41,0.24828642,0.094647321,0.18753938,0.40814636,0.16695568
A,4.42,0.24996028,0.2408812,0.16861379,0.370301,0.15562622
A,4.43,0.25311417,0.38708154,0.14902275,0.33860103,0.15778507
A,4.44,0.25767935,0.52243334,0.12884359,0.31409068,0.16045157
A,4.45,0.26352803,0.64355798,0.10815595,0.29308378,0.16287142
A,4.46,0.27050947,0.74900957,0.087041461,0.27311569,0.16498022
A,4.47,0.27846465,0.83848932,0.06558346,0.25343822,0.16676979
A,4.48,0.28723554,0.91241725,0.043866632,0.23366588,0.16824835
A,4.49,0.29667056,0.97162348,0.021976682,0.21358535,0.16943247
A,4.5,0.30662757,1.0171293,4.2862638e-17,0.19309152,0.17034259
A,4.51,0.31697495,1.0499996,-0.021976682,0.17239945,0.17099999
A,4.52,0.32759154,1.07125,-0.043866632,0.1514749,0.171425
A,4.53,0.33836587,1.0817956,-0.06558346,0.13027379,0.17163591
A,4.54,0.34919498,1.0824279,-0.087041461,0.10899034,0.17164856
A,4.55,0.35998321,1.073813,-0.10815595,0.087745571,0.17147626
A,4.56,0.37064096,1.0565008,-0.12884359,0.066614362,0.17113002
A,4.57,0.38108361,1.0309424,-0.14902275,0.045755697,0.17061885
A,4.58,0.39123062,0.99751037,-0.16861379,0.025119953,0.16995021
A,4.59,0.4010049,0.95651895,-0.18753938,0.0048394355,0.16913038
A,4.6,0.41033226,0.90824374,-0.20572484,-0.014817931,0.16816488
A,4.61,0.41914116,0.85293861,-0.2230984,-0.034072341,0.16705878
A,4.62,0.42736255,0.79085008,-0.23959149,-0.052668578,0.16581702
A,4.63,0.43492985,0.72222879,-0.25513902,-0.070435224,0.16444463
A,4.64,0.44177905,0.64733822,-0.26967963,-0.08741781,0.162947
A,4.65,0.44784887,0.56646083,-0.28315595,-0.10345775,0.16133042
A,4.66,0.45308095,0.47990116,-0.29551477,-0.11881607,0.15960481
A,4.67,0.4574201,0.38798068,-0.30670734,-0.13301303,0.15780228
A,4.68,0.46081423,0.2909841,-0.31668947,-0.14613072,0.15611654
A,4.69,0.46321254,0.18872045,-0.32542177,-0.15783758,0.15606947
A,4.7,0.46454712,0.076288065,-0.33286978,-0.16513405,0.17327131
A,4.71,0.46475503,-0.0010464493,-0.33900411,-0.18680886,-0.24794978
A,4.72,0.46475365,0.0010925647,-0.34380054,-0.27523075,0.24786042
A,4.73,0.46474611,-0.0015310981,-0.34724015,-0.35612982,-0.24701484
A,4.74,0.46473072,-0.00034422347,-0.34930935,-0.43829832,-0.2493208
A,4.75,0.46469832,-0.012299995,-0.35,-0.52332787,-0.22843823
A,4.76,0.46403103,-0.13933729,-0.34930935,-0.54127342,-0.15894889
A,4.77,0.46172554,-0.32267863,-0.34724015,-0.52384222,-0.15661106
A,4.78,0.45753537,-0.51371015,-0.34380054,-0.5133502,-0.16027765
A,4.79,0.4514384,-0.70302382,-0.33900411,-0.5076592,-0.16406055
A,4.8,0.44347842,-0.88576457,-0.33286978,-0.5033743,-0.16771529
A,4.81,0.43373668,-1.0591387,-0.32542177,-0.49950238,-0.17118277
A,4.82,0.42231474,-1.2217777,-0.31668947,-0.49490392,-0.17443555
A,4.83,0.40932266,-1.3732667,-0.30670734,-0.48937081,-0.17746533
A,4.84,0.39487141,-1.5137839,-0.29551477,-0.48277636,-0.18027568
A,4.85,0.37906836,-1.6438342,-0.28315595,-0.47469895,-0.18287668
A,4.86,0.36201496,-1.7640624,-0.26967963,-0.46532298,-0.18528125
A,4.87,0.34380608,-1.8751274,-0.25513902,-0.45475713,-0.18750255
A,4.88,0.32453028,-1.9776252,-0.23959149,-0.44289294,-0.1895525
A,4.89,0.30427064,-2.0720471,-0.2230984,-0.4298029,-0.19144094
A,4.9,0.28310595,-2.1587638,-0.20572484,-0.41557404,-0.19317528
A,4.91,0.2611119,-2.2380257,-0.18753938,-0.40028526,-0.19476051
A,4.92,0.23836224,-2.3099746,-0.16861379,-0.38406444,-0.19619949
A,4.93,0.21492978,-2.3746609,-0.14902275,-0.36682793,-0.19749322
A,4.94,0.19088719,-2.4320639,-0.12884359,-0.34891649,-0.19864128
A,4.95,0.16630765,-2.482111,-0.10815595,-0.32997594,-0.19964222
A,4.96,0.14126521,-2.5246976,-0.087041461,-0.31042641,-0.20049395
A,4.97,0.11583509,-2.5597029,-0.06558346,-0.29038232,-0.20119406
A,4.98,0.090093717,-2.5870046,-0.043866632,-0.26986198,-0.20174009
A,4.99,0.064118714,-2.6064903,-0.021976682,-0.24880597,-0.20212981
A,5,0.037988726,-2.618067,-8.5725276e-17,-0.22745313,-0.20236134
A,5.01,0.011783207,-2.6216675,0.021976682,-0.20574785,-0.20243335
A,5.02,-0.014417873,-2.6172563,0.043866632,-0.18387597,-0.20234513
A,5.03,-0.040534361,-2.6048321,0.06558346,-0.16206629,-0.20209664
A,5.04,-0.066486277,-2.5844307,0.087041461,-0.14016874,-0.20168861
A,5.05,-0.09219419,-2.5561259,0.10815595,-0.11823639,-0.20112252
A,5.06,-0.1175796,-2.5200295,0.12884359,-0.096769317,-0.20040059
A,5.07,-0.14256531,-2.4762915,0.14902275,-0.075283522,-0.19952583
A,5.08,-0.16707583,-2.4250987,0.16861379,-0.05415456,-0.19850197
A,5.09,-0.19103769,-2.3666742,0.18753938,-0.033510773,-0.19733348
A,5.1,-0.21437987,-2.3012755,0.20572484,-0.013440214,-0.19602551
A,5.11,-0.23703405,-2.229193,0.2230984,0.0060762454,-0.19458386
A,5.12,-0.25893499,-2.1507485,0.23959149,0.024884911,-0.19301497
A,5.13,-0.28002083,-2.0662932,0.25513902,0.043047059,-0.19132586
A,5.14,-0.30023335,-1.9762054,0.26967963,0.060308646,-0.18952411
A,5.15,-0.31951824,-1.8808893,0.28315595,0.076749272,-0.18761779
A,5.16,-0.33782536,-1.7807719,0.29551477,0.092194031,-0.18561544
A,5.17,-0.35510893,-1.6763017,0.30670734,0.1067231,-0.18352603
A,5.18,-0.37132779,-1.5679458,0.31668947,0.12012413,-0.18135892
A,5.19,-0.3864455,-1.4561883,0.32542177,0.13233326,-0.17912377
A,5.2,-0.40043056,-1.3415273,0.33286978,0.14347096,-0.17683055
A,5.21,-0.41325649,-1.2244729,0.33900411,0.15337246,-0.17448946
A,5.22,-0.42490197,-1.1055448,0.34380054,0.16213204,-0.1721109
A,5.23,-0.43535093,-0.98526983,0.34724015,0.16949477,-0.1697054
A,5.24,-0.44459258,-0.86417927,0.34930935,0.17551002,-0.16728359
A,5.25,-0.45262145,-0.74280666,0.35,0.18016067,-0.16485617
A,5.26,-0.45943743,-0.62168506,0.34930935,0.18338098,-0.1624341
A,5.27,-0.46504568,-0.50134371,0.34724015,0.18531201,-0.16003129
A,5.28,-0.46945665,-0.38229535,0.34380054,0.18598221,-0.15769371
A,5.29,-0.47268545,-0.2649285,0.33900411,0.18511013,-0.15579844
A,5.3,-0.47474717,-0.14843491,0.33286978,0.18200798,-0.15810571
A,5.31,-0.47560478,-0.017197543,0.32542177,0.16849501,-0.22124033
A,5.32,-0.47561426,0.0017861831,0.31668947,0.21544937,0.24652641
A,5.33,-0.47561257,0.00038082091,0.30670734,0.28027865,0.24924887
A,5.34,-0.47560591,-0.00040692184,0.29551477,0.33696832,-0.2491976
A,5.35,-0.47559078,0.0014148294,0.28315595,0.39208682,0.2472383
A,5.36,-0.47557058,0.0013171988,0.26967963,0.45047159,0.24742634
A,5.37,-0.47532854,0.06742931,0.25513902,0.47561862,0.17730929
A,5.38,-0.47393657,0.21378596,0.23959149,0.44228378,0.15566592
A,5.39,-0.47102967,0.36483097,0.2230984,0.41081558,0.1573644
A,5.4,-0.46666246,0.50495595,0.20572484,0.3880449,0.16010323
A,5.41,-0.4609673,0.63014378,0.18753938,0.36899614,0.16260321
A,5.42,-0.45410354,0.7386839,0.16861379,0.35151622,0.16477372
A,5.43,-0.44624056,0.83016947,0.14902275,0.33388309,0.1666034
A,5.44,-0.43754732,0.90502371,0.12884359,0.31610748,0.16810048
A,5.45,-0.42818581,0.9641593,0.10815595,0.29764017,0.16928319
A,5.46,-0.4183075,1.008734,0.087041461,0.27850905,0.17017468
A,5.47,-0.40805176,1.0399834,0.06558346,0.25875782,0.17079967
A,5.48,-0.3975457,1.0591129,0.043866632,0.2383047,0.17118226
A,5.49,-0.38690481,1.067236,0.021976682,0.21743594,0.17134472
A,5.5,-0.37623404,1.0653433,1.2858791e-16,0.19597243,0.17130687
A,5.51,-0.3656291,1.0542957,-0.021976682,0.17429267,0.17108591
A,5.52,-0.3551777,1.0348305,-0.043866632,0.15249522,0.17069661
A,5.53,-0.34496078,1.0075771,-0.06558346,0.13040109,0.17015154
A,5.54,-0.3350534,0.9730758,-0.087041461,0.10834755,0.16946152
A,5.55,-0.32552563,0.93179856,-0.10815595,0.086259516,0.16863597
A,5.56,-0.31644305,0.88416805,-0.12884359,0.064547543,0.16768336
A,5.57,-0.3078672,0.83057516,-0.14902275,0.042908986,0.16661151
A,5.58,-0.29985582,0.77139354,-0.16861379,0.021726846,0.16542789
A,5.59,-0.29246292,0.7069914,-0.18753938,0.00089774414,0.1641399
A,5.6,-0.28573884,0.63774043,-0.20572484,-0.01928483,0.1627551
A,5.61,-0.27973015,0.56402214,-0.2230984,-0.03879967,0.1612817
A,5.62,-0.27447955,0.48623112,-0.23959149,-0.0577513,0.1597306
A,5.63,-0.27002571,0.40477279,-0.25513902,-0.075711729,0.15812595
A,5.64,-0.26640331,0.32003727,-0.26967963,-0.093021613,0.15656678
A,5.65,-0.26364372,0.23223721,-0.28315595,-0.10911778,0.15560594
A,5.66,-0.26178054,0.14035383,-0.29551477,-0.12320511,0.1588452
A,5.67,-0.26089145,0.032824145,-0.30670734,-0.12897666,0.20252372
A,5.68,-0.26085191,-0.0011677051,-0.31668947,-0.17413887,-0.247715
A,5.69,-0.26085126,0.0012828213,-0.32542177,-0.25059976,0.24749265
A,5.7,-0.26085515,0.0013770175,-0.33286978,-0.32095677,0.24731108
A,5.71,-0.26086626,0.000742742,-0.33900411,-0.39202063,0.24854035
A,5.72,-0.2608854,-0.0033699428,-0.34380054,-0.46652031,-0.24354963
A,5.73,-0.26098502,-0.031371902,-0.34724015,-0.53282413,-0.20402324
A,5.74,-0.26189943,-0.16177892,-0.34930935,-0.53424461,-0.15716932
A,5.75,-0.26431804,-0.32096682,-0.35,-0.5195968,-0.15658231
A,5.76,-0.26832547,-0.47785663,-0.34930935,-0.51267893,-0.1595642
A,5.77,-0.27386081,-0.62594928,-0.34724015,-0.50969975,-0.16251935
A,5.78,-0.28081898,-0.7621873,-0.34380054,-0.50814305,-0.16524377
A,5.79,-0.28907306,-0.88512618,-0.33900411,-0.50639705,-0.16770253
A,5.8,-0.29848742,-0.99437878,-0.33286978,-0.50390604,-0.16988758
A,5.81,-0.30892616,-1.0902235,-0.32542177,-0.49995021,-0.17180447
A,5.82,-0.3202583,-1.1733156,-0.31668947,-0.49488846,-0.17346631
A,5.83,-0.33236043,-1.2444821,-0.30670734,-0.48837913,-0.17488964
A,5.84,-0.34511763,-1.3045843,-0.29551477,-0.48029709,-0.17609169
A,5.85,-0.35842344,-1.3544312,-0.28315595,-0.47087172,-0.17708862
A,5.86,-0.37217896,-1.3947325,-0.26967963,-0.45992514,-0.17789465
A,5.87,-0.38629183,-1.4260781,-0.25513902,-0.44770971,-0.17852156
A,5.88,-0.40067495,-1.4489368,-0.23959149,-0.43418468,-0.17897874
A,5.89,-0.41524535,-1.4636665,-0.2230984,-0.41960779,-0.17927333
A,5.9,-0.42992315,-1.4705313,-0.20572484,-0.40373983,-0.17941063
A,5.91,-0.4446307,-1.4697212,-0.18753938,-0.38688123,-0.17939442
A,5.92,-0.45929199,-1.4613719,-0.16861379,-0.3690556,-0.17922744
A,5.93,-0.47383214,-1.4455846,-0.14902275,-0.35009842,-0.17891169
A,5.94,-0.48817722,-1.4224421,-0.12884359,-0.33064431,-0.17844884
A,5.95,-0.50225405,-1.3920233,-0.10815595,-0.31019735,-0.17784047
A,5.96,-0.51599031,-1.3544148,-0.087041461,-0.28913076,-0.1770883
A,5.97,-0.5293146,-1.3097194,-0.06558346,-0.26738181,-0.17619439
A,5.98,-0.54215668,-1.2580634,-0.043866632,-0.2453907,-0.17516127
A,5.99,-0.55444767,-1.1996005,-0.021976682,-0.22285259,-0.17399201
B,0,0,0,0,0,0
B,0.01,-1.4259446e-05,-0.0028682451,0,-0.081823023,-0.24448231
B,0.02,-3.287224e-05,-0.00079806722,0,-0.13375885,-0.2484325
B,0.03,-5.2832836e-05,-0.00071826704,0,-0.17208573,-0.2485881
B,0.04,-7.8691708e-05,-0.0032495653,0,-0.20301931,-0.24377255
B,0.05,-0.0001503333,-0.01816975,0,-0.22486985,-0.21989457
B,0.06,-0.00063076397,-0.084593968,0,-0.21027346,-0.17010919
B,0.07,-0.0018957513,-0.1661478,0,-0.18263236,-0.15692757
B,0.08,-0.0039054577,-0.23188641,0,-0.16565431,-0.15560569
B,0.09,-0.0064759134,-0.27879769,0,-0.15809532,-0.15595474
B,0.1,-0.0094324246,-0.30985353,0,-0.15542153,-0.15640061
B,0.11,-0.01263456,-0.32862194,0,-0.15483797,-0.15671228
B,0.12,-0.015976136,-0.33832724,0,-0.15500536,-0.15688171
B,0.13,-0.019380579,-0.34166114,0,-0.15540337,-0.15694096
B,0.14,-0.022795451,-0.34076939,0,-0.1557618,-0.15692506
B,0.15,-0.026187195,-0.33729737,0,-0.15619049,-0.15686351
B,0.16,-0.029536466,-0.33245852,0,-0.15646147,-0.15677868
B,0.17,-0.032834186,-0.32710922,0,-0.15659416,-0.15668632
B,0.18,-0.036078348,-0.32182162,0,-0.15651383,-0.15659664
B,0.19,-0.039271513,-0.31694941,0,-0.15673822,-0.1565156
B,0.2,-0.042418917,-0.31268462,0,-0.15655161,-0.15644603
B,0.21,-0.045527104,-0.30910443,0,-0.15665531,-0.1563887
B,0.22,-0.048602969,-0.30620867,0,-0.15653003,-0.1563431
B,0.23,-0.051653142,-0.30394865,0,-0.15655874,-0.15630803
B,0.24,-0.054683612,-0.30224866,0,-0.15645563,-0.15628195
B,0.25,-0.057699544,-0.30102137,0,-0.15638927,-0.15626329
B,0.26,-0.060705216,-0.30017832,0,-0.15630107,-0.15625056
B,0.27,-0.063704045,-0.29963662,0,-0.15633717,-0.15624242
B,0.28,-0.066698664,-0.29932274,0,-0.15635692,-0.15623771
B,0.29,-0.069691027,-0.29917426,0,-0.15638854,-0.15623549
B,0.3,-0.07268252,-0.29914019,0,-0.15625641,-0.15623498
B,0.31,-0.075674077,-0.29918034,0,-0.15621961,-0.15623558
B,0.32,-0.078666278,-0.2992642,0,-0.15619415,-0.15623683
B,0.33,-0.081659441,-0.29936948,0,-0.1562374,-0.15623841
B,0.34,-0.084653697,-0.29948066,0,-0.15624001,-0.15624008
B,0.35,-0.087649051,-0.2995876,0,-0.15626771,-0.15624168
B,0.36,-0.090645425,-0.2996842,0,-0.15635796,-0.15624313
B,0.37,-0.093642699,-0.29976742,0,-0.15633541,-0.15624438
B,0.38,-0.096640733,-0.29983628,0,-0.1561821,-0.15624541
B,0.39,-0.099639384,-0.2998912,0,-0.15617624,-0.15624624
B,0.4,-0.10263852,-0.29993345,0,-0.15635532,-0.15624687
B,0.41,-0.10563802,-0.29996472,0,-0.15618334,-0.15624734
B,0.42,-0.10863779,-0.29998686,0,-0.15619779,-0.15624768
B,0.43,-0.11163773,-0.3000017,0,-0.15626359,-0.1562479
B,0.44,-0.1146378,-0.30001088,0,-0.15629772,-0.15624804
B,0.45,-0.11763794,-0.30001587,0,-0.15627259,-0.15624811
B,0.46,-0.12063811,-0.30001786,0,-0.15621614,-0.15624814
B,0.47,-0.12363829,-0.30001783,0,-0.15623154,-0.15624814
B,0.48,-0.12663846,-0.30001654,0,-0.1561827,-0.15624812
B,0.49,-0.12963862,-0.30001454,0,-0.15627022,-0.15624809
B,0.5,-0.13263875,-0.30001225,0,-0.15558289,-0.15624806
B,0.51,-0.13522258,-0.22118747,0,-0.15017185,-0.15562267
B,0.52,-0.13712079,-0.16189526,0,-0.15554141,-0.15716251
B,0.53,-0.13850366,-0.11711657,0,-0.15916147,-0.16195266
B,0.54,-0.13949047,-0.081746941,0,-0.16428945,-0.17113137
B,0.55,-0.14014916,-0.050465135,0,-0.17301664,-0.18745661
B,0.56,-0.14048104,-0.013814691,0,-0.18955208,-0.22613529
B,0.57,-0.14051302,-0.0023916895,0,-0.19789983,-0.24537706
B,0.58,-0.14053324,-0.0031052256,0,-0.19751798,-0.24404057
B,0.59,-0.14055386,-0.0027082703,0,-0.20222384,-0.24478171
B,0.6,-0.14057581,-0.00132879,0,-0.20932512,-0.247404
B,0.61,-0.14059894,-0.0038557843,0,-0.21713407,-0.24265539
B,0.62,-0.14062269,-0.000348713,0,-0.22604874,-0.24931197
B,0.63,-0.14064823,-0.00080132875,0,-0.2351204,-0.24842614
B,0.64,-0.1406556,-0.0024864044,0,-0.24354288,-0.24519854
B,0.65,-0.14077117,-0.025931139,0,-0.23838507,-0.21005261
B,0.66,-0.14128663,-0.079744397,0,-0.21191679,-0.17188801
B,0.67,-0.14237092,-0.13433966,0,-0.18413897,-0.15949669
B,0.68,-0.14391838,-0.17161517,0,-0.16728372,-0.15666355
B,0.69,-0.14574721,-0.19133521,0,-0.1593701,-0.15600483
B,0.7,-0.14770146,-0.19757356,0,-0.15610121,-0.15587411
B,0.71,-0.14966799,-0.19453203,0,-0.15515779,-0.15593387
B,0.72,-0.15157219,-0.18566854,0,-0.15511159,-0.15615289
B,0.73,-0.15336969,-0.17358998,0,-0.15543917,-0.15657791
B,0.74,-0.15503823,-0.16014365,0,-0.15627695,-0.1572674
B,0.75,-0.15657081,-0.14656337,0,-0.1571952,-0.15826421
B,0.76,-0.15797033,-0.13362269,0,-0.15828039,-0.1595807
B,0.77,-0.15924569,-0.12177434,0,-0.15960949,-0.161191
B,0.78,-0.16040918,-0.11126604,0,-0.16127711,-0.1630286
B,0.79,-0.16147494,-0.10222908,0,-0.16306623,-0.16498801
B,0.8,-0.1624581,-0.094740599,0,-0.16485802,-0.16692947
B,0.81,-0.16337445,-0.088861668,0,-0.16686811,-0.16868777
B,0.82,-0.1642404,-0.084652767,0,-0.16837972,-0.17008872
B,0.83,-0.16507292,-0.082165724,0,-0.16978386,-0.17097713
B,0.84,-0.16588934,-0.081411793,0,-0.17075294,-0.17125579
B,0.85,-0.16670669,-0.082312168,0,-0.17118872,-0.17092352
B,0.86,-0.16754056,-0.084651008,0,-0.17092222,-0.17008933
B,0.87,-0.16840358,-0.088061494,0,-0.17022456,-0.16894457
B,0.88,-0.16930414,-0.092065885,0,-0.1692528,-0.16770215
B,0.89,-0.1702456,-0.096159606,0,-0.16787124,-0.16653716
B,0.9,-0.17122654,-0.099902377,0,-0.16674397,-0.16555803
B,0.91,-0.17224175,-0.10298016,0,-0.16575444,-0.16481006
B,0.92,-0.17328362,-0.10522447,0,-0.16499028,-0.16429528
B,0.93,-0.17434351,-0.10659748,0,-0.16437172,-0.16399253
B,0.94,-0.17541295,-0.10715951,0,-0.16405842,-0.1638712
B,0.95,-0.17648442,-0.10703324,0,-0.163825,-0.16389833
B,0.96,-0.17755179,-0.10637266,0,-0.16388466,-0.16404149
B,0.97,-0.17861055,-0.10533983,0,-0.16404804,-0.16426949
B,0.98,-0.17965775,-0.10408918,0,-0.16419591,-0.16455254
B,0.99,-0.18069194,-0.10275799,0,-0.16456813,-0.1648624
B,1,-0.1817129,-0.10146126,0,-0.16453382,-0.16517296
B,1.01,-0.18256129,-0.068283135,0,-0.16532178,-0.17688681
B,1.02,-0.18305653,-0.029017508,0,-0.17811766,-0.20655058
B,1.03,-0.18314087,-0.001709358,0,-0.19045462,-0.24667325
B,1.04,-0.18315805,-0.0038045604,0,-0.18187394,-0.24274926
B,1.05,-0.18317597,-0.0035823304,0,-0.17880145,-0.24315763
B,1.06,-0.18319482,-0.0010660933,0,-0.17880759,-0.24791171
B,1.07,-0.18321349,-0.0010185566,0,-0.18032498,-0.24800387
B,1.08,-0.18323105,-0.0033063461,0,-0.18245884,-0.24366733
B,1.09,-0.18324994,-0.0033603598,0,-0.18469976,-0.24356735
B,1.1,-0.1832699,-0.0011277739,0,-0.18711044,-0.24779225
B,1.11,-0.18328916,-0.0012809478,0,-0.1895632,-0.24749626
B,1.12,-0.18330829,-0.0039069758,0,-0.19219161,-0.24256168
B,1.13,-0.18332884,-0.0042920447,0,-0.19462005,-0.24185986
B,1.14,-0.18334989,-0.0022964748,0,-0.19702372,-0.24555686
B,1.15,-0.1833705,-0.0027170759,0,-0.19952001,-0.2447652
B,1.16,-0.18339033,-0.00058065301,0,-0.20235134,-0.24885702
B,1.17,-0.18341219,-0.0012099556,0,-0.20453523,-0.24763333
B,1.18,-0.18343352,-0.0042342799,0,-0.20705024,-0.2419648
B,1.19,-0.18345518,8.2967788e-05,0,-0.20984796,0.24983586
B,1.2,-0.18347864,-0.0032462441,0,-0.21192254,-0.24377871
B,1.21,-0.18350087,-0.0039324682,0,-0.21444012,-0.24251505
B,1.22,-0.18352423,-0.0023123504,0,-0.21681192,-0.24552686
B,1.23,-0.18354709,-0.0030734952,0,-0.21947229,-0.24409959
B,1.24,-0.18357114,-0.0015337569,0,-0.22180762,-0.24700973
B,1.25,-0.18359538,-0.0024651607,0,-0.22412638,-0.24523855
B,1.26,-0.18361939,-0.00088325015,0,-0.22710589,-0.24826668
B,1.27,-0.1836451,-0.0019797801,0,-0.22925581,-0.2461574
B,1.28,-0.18366941,-0.00038891676,0,-0.23226203,-0.24923296
B,1.29,-0.1836985,-0.0018957707,0,-0.23417209,-0.24631735
B,1.3,-0.183723,-0.00024354268,0,-0.23766806,-0.24951897
B,1.31,-0.18376116,-0.0028952794,0,-0.23868539,-0.24443181
B,1.32,-0.18377884,-0.0050804568,0,-0.2422187,-0.24043987
B,1.33,-0.18386025,-0.013018423,0,-0.23800623,-0.22733712
B,1.34,-0.18409582,-0.037054613,0,-0.22548944,-0.1984004
B,1.35,-0.18465232,-0.074749995,0,-0.20312727,-0.17391986
B,1.36,-0.18558087,-0.10882194,0,-0.18222775,-0.16352092
B,1.37,-0.1867867,-0.12976781,0,-0.16905074,-0.16005729
B,1.38,-0.18813316,-0.13744899,0,-0.16232413,-0.15914829
B,1.39,-0.1895014,-0.13477358,0,-0.15963437,-0.15944653
B,1.4,-0.19080397,-0.12486548,0,-0.1591005,-0.16072792
B,1.41,-0.19198171,-0.11019525,0,-0.16019354,-0.16324104
B,1.42,-0.19299568,-0.092320457,0,-0.16286843,-0.16762669
B,1.43,-0.19381715,-0.071677036,0,-0.16730029,-0.17527985
B,1.44,-0.19441326,-0.046767711,0,-0.17524346,-0.19018004
B,1.45,-0.19470976,-0.0088254028,0,-0.19194234,-0.23399571
B,1.46,-0.19473242,-0.0010664113,0,-0.19396007,-0.24791109
B,1.47,-0.19475164,-0.00026707371,0,-0.18947652,-0.24947262
B,1.48,-0.19477138,-0.0020292938,0,-0.18857036,-0.24606326
B,1.49,-0.19479053,-0.0012670771,0,-0.18997105,-0.24752303
B,1.5,-0.19480992,-0.0030324772,0,-0.19152626,-0.24417595
B,1.51,-0.19482913,-0.0024398988,0,-0.18840347,-0.24528615
B,1.52,-0.19484796,-0.002512223,0,-0.1872529,-0.24514994
B,1.53,-0.19486743,-0.0033932641,0,-0.18728459,-0.2435065
B,1.54,-0.1948868,-4.452795e-05,0,-0.18779876,-0.24991187
B,1.55,-0.19490687,-0.0024371647,0,-0.18798098,-0.2452913
B,1.56,-0.19492618,-0.00050425671,0,-0.18892493,-0.24900664
B,1.57,-0.19494667,-0.004380235,0,-0.1893892,-0.2416999
B,1.58,-0.1949662,-0.0038929496,0,-0.19045473,-0.24258735
B,1.59,-0.19498522,-0.0040563655,0,-0.19103616,-0.24228876
B,1.6,-0.1950047,-7.3735584e-05,0,-0.19171395,-0.24985411
B,1.61,-0.19502502,-0.0018506823,0,-0.19233287,-0.24640331
B,1.62,-0.19504459,-0.0042269089,0,-0.19316732,-0.2419782
B,1.63,-0.19506442,-0.0024246076,0,-0.19378595,-0.24531497
B,1.64,-0.19508435,-0.0013522298,0,-0.19444732,-0.24735883
B,1.65,-0.19510466,-0.0010414802,0,-0.19515348,-0.24795941
B,1.66,-0.19512289,-0.0011478669,0,-0.19604114,-0.24775337
B,1.67,-0.19514324,-0.0022727712,0,-0.19662089,-0.24560168
B,1.68,-0.19516316,-0.0040438257,0,-0.19749287,-0.24231163
B,1.69,-0.19518394,-0.0017188588,0,-0.19803122,-0.24665508
B,1.7,-0.19520404,-1.0170238e-06,0,-0.19910762,-0.24999799
B,1.71,-0.19522531,-0.004081809,0,-0.1994134,-0.24224236
B,1.72,-0.19524513,-0.0037294944,0,-0.20033497,-0.24288699
B,1.73,-0.1952659,-0.00422385,0,-0.20103144,-0.24198376
B,1.74,-0.19528629,-0.00043749782,0,-0.20187226,-0.24913757
B,1.75,-0.19530783,-0.0024454063,0,-0.20226561,-0.24527577
B,1.76,-0.19532807,-4.1583248e-05,0,-0.20327137,-0.2499177
B,1.77,-0.19534887,-0.0033470547,0,-0.20392896,-0.24359197
B,1.78,-0.19536976,-0.0024479069,0,-0.20437456,-0.24527106
B,1.79,-0.19539062,-0.0022421682,0,-0.20521722,-0.24565957
B,1.8,-0.19541183,-0.0027886404,0,-0.20582427,-0.24463117
B,1.81,-0.19543279,-0.0039988757,0,-0.20662699,-0.24239369
B,1.82,-0.19545437,-0.0010668912,0,-0.20734997,-0.24791016
B,1.83,-0.19547562,-0.0037137108,0,-0.20802446,-0.24291598
B,1.84,-0.19549693,-0.0021386369,0,-0.20873188,-0.24585568
B,1.85,-0.19551855,-0.0013071575,0,-0.2093981,-0.24744571
B,1.86,-0.19554041,-0.0012025868,0,-0.20997424,-0.24764757
B,1.87,-0.19556198,-0.0017498012,0,-0.2107822,-0.24659592
B,1.88,-0.19558419,-0.0030820435,0,-0.21136143,-0.24408369
B,1.89,-0.19560427,0.00011816671,0,-0.21259339,0.24976631
B,1.9,-0.19562769,-0.0027770553,0,-0.21277996,-0.24465285
B,1.91,-0.19565059,-0.0013583031,0,-0.21354118,-0.24734713
B,1.92,-0.19567168,-0.00037094728,0,-0.21445037,-0.24926827
B,1.93,-0.19569384,-0.00022520666,0,-0.2153652,-0.2495551
B,1.94,-0.19571711,-0.00092595597,0,-0.21563994,-0.24818365
B,1.95,-0.19573983,-0.0022313237,0,-0.21634141,-0.24568009
B,1.96,-0.19576189,-0.004131231,0,-0.21737935,-0.24215229
B,1.97,-0.19578521,-0.001968104,0,-0.21766496,-0.24617962
B,1.98,-0.19580747,-0.00034013194,0,-0.2188079,-0.24932885
B,1.99,-0.19582998,-0.0043601005,0,-0.21931746,-0.2417364
B,2,-0.19585353,-0.0042846999,0,-0.21985877,-0.2418732
B,2.01,-0.19587557,0.00014241581,0,-0.21529864,0.24971842
B,2.02,-0.19589751,-0.0041899036,0,-0.21236005,-0.24204549
B,2.03,-0.19591921,-0.0024823106,0,-0.21045444,-0.24520625
B,2.04,-0.19594055,-0.0045755016,0,-0.20917719,-0.24134673
B,2.05,-0.19596278,-0.00078372428,0,-0.20782857,-0.24846045
B,2.06,-0.1959841,-0.000711329,0,-0.20674997,-0.24860164
B,2.07,-0.19600545,0.00043429432,0,-0.20584949,0.24914386
B,2.08,-0.19602782,-0.0024116814,0,-0.20435857,-0.24533935
B,2.09,-0.19604807,-0.0038829598,0,-0.20354022,-0.24260563
B,2.1,-0.19606829,-0.004281102,0,-0.2025079,-0.24187973
B,2.11,-0.19608984,-0.0037973028,0,-0.20107723,-0.24276257
B,2.12,-0.19611074,-0.0021461373,0,-0.19999697,-0.24584146
B,2.13,-0.19613103,-0.0042673438,0,-0.19911148,-0.24190472
B,2.14,-0.19615111,-0.00036110586,0,-0.19801743,-0.24928761
B,2.15,-0.19617184,-0.00040861785,0,-0.19688328,-0.24919427
B,2.16,-0.19619245,-0.0042970471,0,-0.19582019,-0.24185078
B,2.17,-0.19621238,-0.00209382,0,-0.19467055,-0.24594071
B,2.18,-0.19623177,-0.0036793464,0,-0.19366573,-0.24297913
B,2.19,-0.1962506,-0.0041288999,0,-0.19267345,-0.24215654
B,2.2,-0.19627187,-0.0038625056,0,-0.19129525,-0.24264308
B,2.21,-0.19629211,-0.0023763259,0,-0.19034897,-0.24540605
B,2.22,-0.19631121,0.00033126724,0,-0.18941839,0.24934628
B,2.23,-0.19633022,-0.0008194892,0,-0.18833118,-0.24839077
B,2.24,-0.19634925,-0.00091686053,0,-0.18733295,-0.24820133
B,2.25,-0.19636717,0.00019733109,0,-0.18634354,0.24961006
B,2.26,-0.19638566,-0.0026476519,0,-0.18514214,-0.24489541
B,2.27,-0.19640499,0.00036514214,0,-0.18406875,0.24927968
B,2.28,-0.19642386,-0.0004258632,0,-0.18303283,-0.24916041
B,2.29,-0.19644234,-0.00011000906,0,-0.18203752,-0.24978242
B,2.3,-0.19646058,-0.0036362713,0,-0.18073533,-0.24305834
B,2.31,-0.19647922,-0.0012412016,0,-0.17980873,-0.24757298
B,2.32,-0.19649676,-0.0025692135,0,-0.17870859,-0.24504274
B,2.33,-0.19651467,-0.002906174,0,-0.17758317,-0.24441147
B,2.34,-0.19653217,-0.0021425062,0,-0.17685807,-0.24584835
B,2.35,-0.1965516,-0.0006060342,0,-0.17535039,-0.24880737
B,2.36,-0.19656977,-0.0027576527,0,-0.17452465,-0.24468918
B,2.37,-0.19658738,-0.003785646,0,-0.17350522,-0.24278394
B,2.38,-0.19660521,-0.0038017386,0,-0.17241231,-0.24275443
B,2.39,-0.19662276,-0.0027344111,0,-0.17119377,-0.24473272
B,2.4,-0.19663993,-0.00057237112,0,-0.17025562,-0.24887323
B,2.41,-0.19665745,-0.0023441481,0,-0.16917585,-0.24546679
B,2.42,-0.19667417,-0.0029616961,0,-0.1682649,-0.24430786
B,2.43,-0.19669085,-0.0025376359,0,-0.16719009,-0.24510212
B,2.44,-0.19670741,-0.0010662021,0,-0.16608129,-0.24791149
B,2.45,-0.19672274,-0.0033105691,0,-0.16520159,-0.24365951
B,2.46,-0.19674056,4.0505696e-05,0,-0.16381671,0.24991983
B,2.47,-0.19675852,-0.00050136592,0,-0.16281926,-0.24901231
B,2.48,-0.19677502,0.00020233297,0,-0.16189315,0.2496002
B,2.49,-0.19679158,-0.0029959541,0,-0.16078951,-0.24424399
B,2.5,-0.19680682,-5.0470285e-05,0,-0.15979568,-0.24990012
B,2.51,-0.19682121,-0.00099873553,0,-0.15320667,-0.24804232
B,2.52,-0.19683727,0.00061156318,0,-0.14886843,0.24879655
B,2.53,-0.19685144,0.00035962671,0,-0.14535994,0.24929052
B,2.54,-0.19686576,-0.002055324,0,-0.14202001,-0.2460138
B,2.55,-0.19687984,-0.0016497962,0,-0.1389446,-0.24678725
B,2.56,-0.19689393,-0.0033872905,0,-0.13633693,-0.24351754
B,2.57,-0.19690738,-0.0022479577,0,-0.13334514,-0.24564861
B,2.58,-0.19692013,-0.0031571947,0,-0.13067897,-0.24394398
B,2.59,-0.19693309,-0.0013220272,0,-0.12768749,-0.24741704
B,2.6,-0.19694267,-0.0011700963,0,-0.12474228,-0.24771038
B,2.61,-0.19695549,0.0012844855,0,-0.12226492,0.24748944
B,2.62,-0.19696796,-0.00329691,0,-0.1192757,-0.24368481
B,2.63,-0.19697936,-3.093923e-05,0,-0.11663996,-0.24993876
B,2.64,-0.19699082,0.0010590066,0,-0.11372444,0.24792544
B,2.65,-0.19700181,5.5185808e-05,0,-0.11099953,0.24989079
B,2.66,-0.19701141,-0.0029218592,0,-0.10837429,-0.24438219
B,2.67,-0.1970218,-0.0032669779,0,-0.10539278,-0.24374027
B,2.68,-0.19703202,-0.00083468912,0,-0.10277248,-0.24836117
B,2.69,-0.19704159,-0.00048646436,0,-0.099837681,-0.24904152
B,2.7,-0.19705091,-0.0022845491,0,-0.0970905,-0.2455794
B,2.71,-0.1970605,-0.001378148,0,-0.094213894,-0.24730891
B,2.72,-0.19706871,-0.0024606377,0,-0.091613529,-0.24524707
B,2.73,-0.19707639,-0.00073113248,0,-0.089021967,-0.248563
B,2.74,-0.19708374,-0.0011566021,0,-0.085869733,-0.24773648
B,2.75,-0.19709767,0.00021627047,0,-0.082812715,0.24957272
B,2.76,-0.1971069,0.00011413616,0,-0.080554453,0.24977427
B,2.77,-0.19711508,-0.002026614,0,-0.077762608,-0.24606835
B,2.78,-0.19712196,-0.0012549209,0,-0.074991032,-0.24754649
B,2.79,-0.19712982,-0.0028268882,0,-0.07199804,-0.24455962
B,2.8,-0.19713611,-0.0014451042,0,-0.069459398,-0.24718006
B,2.81,-0.19714246,-0.0022833351,0,-0.066717429,-0.2455817
B,2.82,-0.1971492,-0.0004628748,0,-0.063811522,-0.24908778
B,2.83,-0.19715476,-0.00067806619,0,-0.06123375,-0.24866658
B,2.84,-0.19715994,0.0018701341,0,-0.05843178,0.24636622
B,2.85,-0.19716523,-0.0027453934,0,-0.055658942,-0.24471214
B,2.86,-0.19716947,0.00042246501,0,-0.052978438,0.24916708
B,2.87,-0.19717493,0.0011909672,0,-0.050252175,0.24767003
B,2.88,-0.19717984,-0.00018166447,0,-0.047439372,-0.24964096
B,2.89,-0.19718438,0.0011990071,0,-0.04478811,0.24765449
B,2.9,-0.19718818,0.00046015863,0,-0.042031974,0.24909311
B,2.91,-0.19719142,-0.0024311866,0,-0.039325608,-0.24530257
B,2.92,-0.19719493,-0.0026722018,0,-0.036602208,-0.24484934
B,2.93,-0.19719805,-0.00016825212,0,-0.033776857,-0.24966743
B,2.94,-0.19720069,0.00016680479,0,-0.031083699,0.24967028
B,2.95,-0.1972045,-0.0019047593,0,-0.028482163,-0.24630023
B,2.96,-0.19720652,-0.0010305486,0,-0.025747791,-0.24798061
B,2.97,-0.19720823,-0.0023626931,0,-0.022827431,-0.24543178
B,2.98,-0.19720924,-0.00092001401,0,-0.020380046,-0.2481952
B,2.99,-0.19721067,-0.0017930095,0,-0.01752477,-0.24651338
B,3,-0.1972117,6.3953003e-05,0,-0.014587935,0.24987345
B,3.01,-0.19721021,-0.00035351542,0,0.007161288,-0.24930253
B,3.02,-0.19720729,-0.0015703994,0,0.021862225,-0.24693942
B,3.03,-0.19720269,0.0013669811,0,0.033353257,0.24733041
B,3.04,-0.1971992,-0.0018027538,0,0.04351273,-0.24649477
B,3.05,-0.19719322,-0.00071108277,0,0.052857057,-0.24860212
B,3.06,-0.19718601,-0.00048447909,0,0.061861276,-0.24904541
B,3.07,-0.19717869,-0.0012951056,0,0.071268621,-0.24746895
B,3.08,-0.19717072,0.0018704228,0,0.079783341,0.24636567
B,3.09,-0.19716187,-0.00082970777,0,0.089135964,-0.24837087
B,3.1,-0.19715068,0.00066612857,0,0.097786555,0.2486899
B,3.11,-0.19713885,0.0011648079,0,0.10664814,0.24772061
B,3.12,-0.19712671,0.000614793,0,0.11582688,0.24879024
B,3.13,-0.19711405,-0.00095575041,0,0.12441459,-0.24812577
B,3.14,-0.19709936,0.0015939639,0,0.1329765,0.24689423
B,3.15,-0.19708593,0.0028519562,0,0.14194992,0.24451275
B,3.16,-0.19707132,0.003169454,0,0.15080309,0.24392121
B,3.17,-0.19705439,0.0026897618,0,0.15974663,0.24481641
B,3.18,-0.19703773,0.0010423402,0,0.16856485,0.24795775
B,3.19,-0.19701856,0.0035373119,0,0.17729721,0.24324058
B,3.2,-0.19699887,2.0265515e-05,0,0.18619214,0.24995988
B,3.21,-0.19697818,0.00041088163,0,0.19486554,0.24918982
B,3.22,-0.19695648,-0.00023432361,0,0.20387235,-0.24953714
B,3.23,-0.19693226,0.0032204686,0,0.21227385,0.24382652
B,3.24,-0.1969093,0.0003763251,0,0.22147615,0.2492577
B,3.25,-0.19688092,0.0020162008,0,0.22972075,0.24608814
B,3.26,-0.19683954,0.0090305719,0,0.23489232,0.23365658
B,3.27,-0.19663818,0.035993997,0,0.22742124,0.19940095
B,3.28,-0.19603351,0.086253358,0,0.20315421,0.16954118
B,3.29,-0.19491937,0.13396432,0,0.17968803,0.1595405
B,3.3,-0.19340339,0.16614167,0,0.16567351,0.15692789
B,3.31,-0.19164549,0.18298188,0,0.15896846,0.15623382
B,3.32,-0.18978202,0.18801188,0,0.15617788,0.15608806
B,3.33,-0.18791228,0.18488309,0,0.15540943,0.1561758
B,3.34,-0.18610195,0.17662196,0,0.15541895,0.15645579
B,3.35,-0.1843902,0.16552122,0,0.15576718,0.15696049
B,3.36,-0.18279667,0.15321289,0,0.15664003,0.15773311
B,3.37,-0.1813275,0.1407945,0,0.15758859,0.15880103
B,3.38,-0.17998,0.12896305,0,0.15888048,0.16016226
B,3.39,-0.178746,0.11813689,0,0.16015291,0.16177895
B,3.4,-0.17761412,0.10855627,0,0.16171502,0.16357605
B,3.41,-0.17657115,0.10035965,0,0.16352368,0.16544372
B,3.42,-0.17560276,0.093636343,0,0.16519494,0.16724312
B,3.43,-0.17469387,0.088456986,0,0.16712213,0.1688171
B,3.44,-0.17382871,0.084882519,0,0.16862139,0.17000898
B,3.45,-0.17299101,0.082951259,0,0.16983357,0.17069147
B,3.46,-0.17216436,0.08264586,0,0.17054082,0.17080196
B,3.47,-0.171333,0.08384993,0,0.17070313,0.17037042
B,3.48,-0.17048296,0.086315531,0,0.17051003,0.16952028
B,3.49,-0.16960344,0.08966658,0,0.16967171,0.16843382
B,3.5,-0.16868784,0.093448414,0,0.16933175,0.16729724
B,3.51,-0.16729255,0.18217438,0,0.17010079,0.15625958
B,3.52,-0.16510818,0.25021682,0,0.1595255,0.15567522
B,3.53,-0.16235375,0.29697103,0,0.1552787,0.15620278
B,3.54,-0.15922218,0.32655014,0,0.15410571,0.15667676
B,3.55,-0.15586354,0.34317618,0,0.15433079,0.15696805
B,3.56,-0.15238841,0.35049277,0,0.15481847,0.15710015
B,3.57,-0.14887436,0.35146072,0,0.15544711,0.15711778
B,3.58,-0.14537271,0.3483886,0,0.15596663,0.15706195
B,3.59,-0.14191465,0.34300882,0,0.15630159,0.15696505
B,3.6,-0.13851661,0.33656905,0,0.15659329,0.15685067
B,3.61,-0.13518457,0.32992489,0,0.15665214,0.15673474
B,3.62,-0.13191758,0.32362603,0,0.15677627,0.15662705
B,3.63,-0.12871041,0.31799197,0,0.15660874,0.1565328
B,3.64,-0.12555553,0.31317559,0,0.15679173,0.15645397
B,3.65,-0.12244448,0.30921472,0,0.15660682,0.15639045
B,3.66,-0.11936886,0.30607246,0,0.15649739,0.15634098
B,3.67,-0.11632085,0.30366759,0,0.15664415,0.1563037
B,3.68,-0.1132936,0.30189682,0,0.15649425,0.15627658
B,3.69,-0.11028132,0.30065027,0,0.15649683,0.15625768
B,3.7,-0.1072793,0.29982166,0,0.15630122,0.15624519
B,3.71,-0.10428388,0.29931453,0,0.15619293,0.15623759
B,3.72,-0.10129226,0.29904538,0,0.15632502,0.15623356
B,3.73,-0.09830243,0.29894482,0,0.15617955,0.15623206
B,3.74,-0.095312994,0.29895723,0,0.15626195,0.15623224
B,3.75,-0.092323049,0.29903965,0,0.15632316,0.15623348
B,3.76,-0.089332065,0.2991601,0,0.15626293,0.15623528
B,3.77,-0.086339784,0.29929579,0,0.15619295,0.15623731
B,3.78,-0.083346137,0.29943133,0,0.15621381,0.15623934
B,3.79,-0.080351178,0.29955707,0,0.15624929,0.15624122
B,3.8,-0.077355034,0.29966767,0,0.15628146,0.15624288
B,3.81,-0.074357872,0.29976085,0,0.15624754,0.15624428
B,3.82,-0.071359868,0.29983643,0,0.15624607,0.15624542
B,3.83,-0.068361192,0.29989556,0,0.15621909,0.1562463
B,3.84,-0.065362,0.29994013,0,0.1563289,0.15624697
B,3.85,-0.062362427,0.29997238,0,0.15630467,0.15624746
B,3.86,-0.059362583,0.29999459,0,0.15626099,0.15624779
B,3.87,-0.056362559,0.30000892,0,0.15623649,0.15624801
B,3.88,-0.053362424,0.30001727,0,0.15625338,0.15624813
B,3.89,-0.050362228,0.30002127,0,0.15619683,0.1562482
B,3.9,-0.047362008,0.30002226,0,0.15627478,0.15624821
B,3.91,-0.044361789,0.30002129,0,0.15626957,0.1562482
B,3.92,-0.041361586,0.30001915,0,0.15628153,0.15624816
B,3.93,-0.038361408,0.30001644,0,0.15627151,0.15624812
B,3.94,-0.035361258,0.30001357,0,0.15627045,0.15624808
B,3.95,-0.032361137,0.30001079,0,0.15628345,0.15624804
B,3.96,-0.029361042,0.30000828,0,0.15632522,0.156248
B,3.97,-0.02636097,0.30000611,0,0.15625752,0.15624797
B,3.98,-0.023360919,0.30000431,0,0.15620904,0.15624794
B,3.99,-0.020360883,0.30000287,0,0.15631011,0.15624792
B,4,-0.01736086,0.30000177,0,0.19483872,0.1562479
B,4.01,0.0062624613,4.0370582,0.021976682,0.40676446,0.23074116
B,4.02,0.057683595,5.9761766,0.043866632,0.16216091,0.26952353
B,4.03,0.12171736,6.6518572,0.06558346,0.13114822,0.28303714
B,4.04,0.18796068,6.4885669,0.087041461,0.17573586,0.27977134
B,4.05,0.24974438,5.8117701,0.10815595,0.23614646,0.2662354
B,4.06,0.30321221,4.8618855,0.12884359,0.28985061,0.24723771
B,4.07,0.34654504,3.8090684,0.14902275,0.33099911,0.22618137
B,4.08,0.37933097,2.7674544,0.16861379,0.36000936,0.20534909
B,4.09,0.40207165,1.8080491,0.18753938,0.37913662,0.18616098
B,4.1,0.41580863,0.96985233,0.20572484,0.39165555,0.16939705
B,4.11,0.42185153,0.26905358,0.2230984,0.39962222,0.15584136
B,4.12,0.42205844,-0.1345429,0.23959149,0.31597547,-0.15947313
B,4.13,0.41936545,-0.39875368,0.25513902,0.19437793,-0.15800947
B,4.14,0.41415271,-0.63558534,0.26967963,0.14758077,-0.16271201
B,4.15,0.40676179,-0.83368437,0.28315595,0.13287964,-0.16667369
B,4.16,0.39760387,-0.98916144,0.29551477,0.13165252,-0.16978323
B,4.17,0.38710679,-1.1022277,0.30670734,0.13614501,-0.17204455
B,4.18,0.37568226,-1.1756618,0.31668947,0.14238677,-0.17351324
B,4.19,0.36370612,-1.2136761,0.32542177,0.14940408,-0.17427352
B,4.2,0.35150842,-1.2211078,0.33286978,0.15594581,-0.17442216
B,4.21,0.33937004,-1.2028711,0.33900411,0.16219167,-0.17405742
B,4.22,0.3275239,-1.1636109,0.34380054,0.16778127,-0.17327222
B,4.23,0.31615868,-1.1075074,0.34724015,0.17248882,-0.17215015
B,4.24,0.30542401,-1.0381875,0.34930935,0.17640165,-0.17076375
B,4.25,0.29543616,-0.95871061,0.35,0.17942325,-0.16917421
B,4.26,0.28628352,-0.87160079,0.34930935,0.18134718,-0.16743202
B,4.27,0.27803171,-0.77890529,0.34724015,0.1822925,-0.16557812
B,4.28,0.27072799,-0.68226573,0.34380054,0.18181937,-0.16364543
B,4.29,0.26440495,-0.58299135,0.33900411,0.18041252,-0.16166069
B,4.3,0.25908345,-0.48212736,0.33286978,0.17763235,-0.15964904
B,4.31,0.25477502,-0.38050731,0.32542177,0.17356073,-0.15765969
B,4.32,0.25148393,-0.27873237,0.31668947,0.16820296,-0.15595393
B,4.33,0.24921124,-0.1766508,0.30670734,0.16108271,-0.15645468
B,4.34,0.2479781,-0.068540376,0.29551477,0.14914745,-0.17676099
B,4.35,0.24780107,-0.00032070093,0.28315595,0.15106361,-0.24936706
B,4.36,0.24780057,-0.00054926171,0.26967963,0.2091537,-0.24891847
B,4.37,0.24780499,0.0027916048,0.25513902,0.25824586,0.24462562
B,4.38,0.24781517,0.0017055846,0.23959149,0.30476083,0.24668047
B,4.39,0.24783185,0.0025100603,0.2230984,0.35317331,0.24515401
B,4.4,0.2478638,0.0072104162,0.20572484,0.40339559,0.23671495
B,4.41,0.24828224,0.094339894,0.18753938,0.40835014,0.16704243
B,4.42,0.24995368,0.2407098,0.16861379,0.37041346,0.15562557
B,4.43,0.25310648,0.38702638,0.14902275,0.33864611,0.15778401
B,4.44,0.25767153,0.52245519,0.12884359,0.3141066,0.160452
B,4.45,0.26352069,0.64362635,0.10815595,0.2930883,0.16287278
B,4.46,0.27050294,0.74910209,0.087041461,0.27311636,0.16498207
B,4.47,0.2784591,0.83859031,0.06558346,0.25343804,0.16677181
B,4.48,0.287231,0.91251633,0.043866632,0.2336659,0.16825033
B,4.49,0.29666697,0.97171428,0.021976682,0.21358581,0.16943429
B,4.5,0.30662483,1.0172085,4.2862638e-17,0.19309237,0.17034417
B,4.51,0.31697294,1.0500658,-0.021976682,0.17240055,0.17100132
B,4.52,0.32759013,1.0713035,-0.043866632,0.1514761,0.17142607
B,4.53,0.33836493,1.0818372,-0.06558346,0.13027499,0.17163674
B,4.54,0.34919441,1.0824592,-0.087041461,0.10899145,0.17164918
B,4.55,0.35998291,1.0738356,-0.10815595,0.08774655,0.17147671
B,4.56,0.37064084,1.0565163,-0.12884359,0.066615192,0.17113033
B,4.57,0.38108361,1.0309525,-0.14902275,0.045756375,0.17061905
B,4.58,0.39123071,0.99751627,-0.16861379,0.025120488,0.16995033
B,4.59,0.40100503,0.95652183,-0.18753938,0.0048398433,0.16913044
B,4.6,0.41033241,0.90824453,-0.20572484,-0.014817632,0.16816489
B,4.61,0.41914131,0.85293804,-0.2230984,-0.034072131,0.16705876
B,4.62,0.42736269,0.79084871,-0.23959149,-0.052668439,0.16581699
B,4.63,0.43492997,0.72222701,-0.25513902,-0.070435138,0.16444459
B,4.64,0.44177915,0.64733631,-0.26967963,-0.087417764,0.16294696
B,4.65,0.44784895,0.56645898,-0.28315595,-0.10345773,0.16133038
B,4.66,0.45308101,0.47989948,-0.29551477,-0.11881607,0.15960478
B,4.67,0.45742015,0.38797922,-0.30670734,-0.13301304,0.15780225
B,4.68,0.46081426,0.29098288,-0.31668947,-0.14613074,0.15611652
B,4.69,0.46321256,0.18871946,-0.32542177,-0.15783759,0.1560695
B,4.7,0.46454714,0.07628717,-0.33286978,-0.165134,0.17327168
B,4.71,0.46475503,-0.0010489972,-0.33900411,-0.1868078,-0.24794484
B,4.72,0.46475359,0.0010817572,-0.34380054,-0.27522469,0.24788136
B,4.73,0.46474667,-0.0014532842,-0.34724015,-0.35619813,-0.24716433
B,4.74,0.46473208,-0.00015922428,-0.34930935,-0.43838748,-0.24968524
B,4.75,0.46470195,-0.011824397,-0.35,-0.52361804,-0.22917603
B,4.76,0.46404045,-0.13879787,-0.34930935,-0.54166172,-0.15900494
B,4.77,0.46173894,-0.32241534,-0.34724015,-0.5240243,-0.15660663
B,4.78,0.4575503,-0.51364915,-0.34380054,-0.51342099,-0.16027644
B,4.79,0.45145324,-0.70309359,-0.33900411,-0.50768361,-0.16406195
B,4.8,0.44349213,-0.885911,-0.33286978,-0.50338094,-0.16771822
B,4.81,0.43374872,-1.0593225,-0.32542177,-0.49950325,-0.17118645
B,4.82,0.42232486,-1.2219718,-0.31668947,-0.49490372,-0.17443944
B,4.83,0.40933087,-1.3734533,-0.30670734,-0.48937112,-0.17746907
B,4.84,0.39487784,-1.5139525,-0.29551477,-0.48277749,-0.18027905
B,4.85,0.37907321,-1.6439795,-0.28315595,-0.47470074,-0.18287959
B,4.86,0.36201849,-1.7641828,-0.26967963,-0.46532516,-0.18528366
B,4.87,0.34380853,-1.8752237,-0.25513902,-0.45475944,-0.18750447
B,4.88,0.32453188,-1.9776995,-0.23959149,-0.44289519,-0.18955399
B,4.89,0.30427159,-2.0721024,-0.2230984,-0.42980497,-0.19144205
B,4.9,0.28310643,-2.1588033,-0.20572484,-0.41557585,-0.19317607
B,4.91,0.26111206,-2.2380525,-0.18753938,-0.40028678,-0.19476105
B,4.92,0.23836218,-2.3099915,-0.16861379,-0.38406567,-0.19619983
B,4.93,0.21492959,-2.3746705,-0.14902275,-0.36682889,-0.19749341
B,4.94,0.19088694,-2.4320682,-0.12884359,-0.34891721,-0.19864136
B,4.95,0.16630737,-2.4821118,-0.10815595,-0.32997646,-0.19964224
B,4.96,0.14126493,-2.524696,-0.087041461,-0.31042677,-0.20049392
B,4.97,0.11583483,-2.5597,-0.06558346,-0.29038256,-0.201194
B,4.98,0.090093495,-2.5870011,-0.043866632,-0.26986212,-0.20174002
B,4.99,0.064118528,-2.6064867,-0.021976682,-0.24880604,-0.20212973
B,5,0.037988576,-2.6180635,-8.5725276e-17,-0.22745315,-0.20236127
B,5.01,0.01178309,-2.6216644,0.021976682,-0.20574784,-0.20243329
B,5.02,-0.014417961,-2.6172536,0.043866632,-0.18387595,-0.20234507
B,5.03,-0.040534424,-2.6048299,0.06558346,-0.16206625,-0.2020966
B,5.04,-0.066486321,-2.584429,0.087041461,-0.1401687,-0.20168858
B,5.05,-0.092194218,-2.5561245,0.10815595,-0.11823634,-0.20112249
B,5.06,-0.11757961,-2.5200285,0.12884359,-0.096769279,-0.20040057
B,5.07,-0.14256532,-2.4762908,0.14902275,-0.075283489,-0.19952582
B,5.08,-0.16707583,-2.4250983,0.16861379,-0.054154532,-0.19850197
B,5.09,-0.19103769,-2.3666739,0.18753938,-0.033510751,-0.19733348
B,5.1,-0.21437986,-2.3012753,0.20572484,-0.013440197,-0.19602551
B,5.11,-0.23703404,-2.2291929,0.2230984,0.0060762584,-0.19458386
B,5.12,-0.25893499,-2.1507485,0.23959149,0.02488492,-0.19301497
B,5.13,-0.28002083,-2.0662932,0.25513902,0.043047065,-0.19132586
B,5.14,-0.30023334,-1.9762055,0.26967963,0.06030865,-0.18952411
B,5.15,-0.31951823,-1.8808893,0.28315595,0.076749275,-0.18761779
B,5.16,-0.33782535,-1.780772,0.29551477,0.092194032,-0.18561544
B,5.17,-0.35510893,-1.6763017,0.30670734,0.1067231,-0.18352603
B,5.18,-0.37132779,-1.5679459,0.31668947,0.12012413,-0.18135892
B,5.19,-0.3864455,-1.4561884,0.32542177,0.13233326,-0.17912377
B,5.2,-0.40043056,-1.3415273,0.33286978,0.14347096,-0.17683055
B,5.21,-0.41325648,-1.2244729,0.33900411,0.15337246,-0.17448946
B,5.22,-0.42490197,-1.1055449,0.34380054,0.16213204,-0.1721109
B,5.23,-0.43535093,-0.98526985,0.34724015,0.16949477,-0.1697054
B,5.24,-0.44459258,-0.86417928,0.34930935,0.17551002,-0.16728359
B,5.25,-0.45262145,-0.74280667,0.35,0.18016067,-0.16485617
B,5.26,-0.45943743,-0.62168507,0.34930935,0.18338098,-0.1624341
B,5.27,-0.46504568,-0.50134371,0.34724015,0.18531201,-0.16003129
B,5.28,-0.46945665,-0.38229535,0.34380054,0.18598221,-0.15769371
B,5.29,-0.47268545,-0.2649285,0.33900411,0.18511013,-0.15579844
B,5.3,-0.47474717,-0.14843491,0.33286978,0.18200798,-0.15810571
B,5.31,-0.47560478,-0.017197541,0.32542177,0.16849501,-0.22124033
B,5.32,-0.47561426,0.0017861915,0.31668947,0.21544937,0.2465264
B,5.33,-0.47561257,0.00038085745,0.30670734,0.28027862,0.2492488
B,5.34,-0.47560591,-0.00040677096,0.29551477,0.33696823,-0.24919789
B,5.35,-0.47559078,0.0014154368,0.28315595,0.39208647,0.24723713
B,5.36,-0.47557056,0.0013196046,0.26967963,0.45047017,0.24742171
B,5.37,-0.47532848,0.067434608,0.25513902,0.475615,0.17730664
B,5.38,-0.47393647,0.21378928,0.23959149,0.44228148,0.1556659
B,5.39,-0.47102954,0.36483221,0.2230984,0.41081462,0.15736443
B,5.4,-0.46666233,0.50495579,0.20572484,0.38804454,0.16010323
B,5.41,-0.46096718,0.63014275,0.18753938,0.36899603,0.16260319
B,5.42,-0.45410342,0.73868241,0.16861379,0.3515162,0.16477369
B,5.43,-0.44624047,0.83016779,0.14902275,0.33388309,0.16660336
B,5.44,-0.43754724,0.90502204,0.12884359,0.31610748,0.16810044
B,5.45,-0.42818575,0.96415775,0.10815595,0.29764016,0.16928316
B,5.46,-0.41830745,1.0087327,0.087041461,0.27850904,0.17017465
B,5.47,-0.40805172,1.0399822,0.06558346,0.2587578,0.17079964
B,5.48,-0.39754568,1.059112,0.043866632,0.23830468,0.17118224
B,5.49,-0.3869048,1.0672353,0.021976682,0.21743592,0.17134471
B,5.5,-0.37623403,1.0653428,1.2858791e-16,0.19597241,0.17130686
B,5.51,-0.36562909,1.0542953,-0.021976682,0.17429265,0.17108591
B,5.52,-0.3551777,1.0348302,-0.043866632,0.15249521,0.1706966
B,5.53,-0.34496078,1.0075769,-0.06558346,0.13040108,0.17015154
B,5.54,-0.3350534,0.97307569,-0.087041461,0.10834754,0.16946151
B,5.55,-0.32552563,0.9317985,-0.10815595,0.086259509,0.16863597
B,5.56,-0.31644305,0.88416804,-0.12884359,0.064547538,0.16768336
B,5.57,-0.30786721,0.83057517,-0.14902275,0.042908982,0.16661151
B,5.58,-0.29985582,0.77139356,-0.16861379,0.021726844,0.16542789
B,5.59,-0.29246292,0.70699142,-0.18753938,0.00089774256,0.1641399
B,5.6,-0.28573884,0.63774047,-0.20572484,-0.019284831,0.1627551
B,5.61,-0.27973015,0.56402217,-0.2230984,-0.03879967,0.16128171
B,5.62,-0.27447955,0.48623115,-0.23959149,-0.0577513,0.1597306
B,5.63,-0.27002571,0.40477281,-0.25513902,-0.075711729,0.15812595
B,5.64,-0.26640331,0.32003729,-0.26967963,-0.093021613,0.15656678
B,5.65,-0.26364372,0.23223723,-0.28315595,-0.10911778,0.15560594
B,5.66,-0.26178054,0.14035385,-0.29551477,-0.12320511,0.1588452
B,5.67,-0.26089145,0.03282416,-0.30670734,-0.12897666,0.2025237
B,5.68,-0.26085191,-0.0011676447,-0.31668947,-0.1741389,-0.24771512
B,5.69,-0.26085126,0.001283073,-0.32542177,-0.2505999,0.24749216
B,5.7,-0.26085514,0.0013780498,-0.33286978,-0.32095737,0.2473091
B,5.71,-0.26086623,0.00074692022,-0.33900411,-0.39202308,0.2485322
B,5.72,-0.26088528,-0.0033533538,-0.34380054,-0.46653011,-0.24358031
B,5.73,-0.26098457,-0.031320899,-0.34724015,-0.53285659,-0.20407672
B,5.74,-0.26189846,-0.16173576,-0.34930935,-0.53427518,-0.15717186
B,5.75,-0.26431677,-0.32094752,-0.35,-0.51961041,-0.15658199
B,5.76,-0.26832409,-0.47785422,-0.34930935,-0.51268412,-0.15956415
B,5.77,-0.27385947,-0.62595759,-0.34724015,-0.50970147,-0.16251952
B,5.78,-0.28081776,-0.76220172,-0.34380054,-0.50814348,-0.16524406
B,5.79,-0.289072,-0.88514337,-0.33900411,-0.50639709,-0.16770287
B,5.8,-0.29848653,-0.99439648,-0.33286978,-0.50390603,-0.16988793
B,5.81,-0.30892545,-1.0902403,-0.32542177,-0.49995026,-0.17180481
B,5.82,-0.32025775,-1.1733306,-0.31668947,-0.49488858,-0.17346661
B,5.83,-0.33236001,-1.2444949,-0.30670734,-0.4883793,-0.1748899
B,5.84,-0.34511733,-1.3045948,-0.29551477,-0.48029729,-0.1760919
B,5.85,-0.35842323,-1.3544395,-0.28315595,-0.47087193,-0.17708879
B,5.86,-0.37217883,-1.3947389,-0.26967963,-0.45992534,-0.17789478
B,5.87,-0.38629175,-1.4260828,-0.25513902,-0.44770989,-0.17852166
B,5.88,-0.40067491,-1.4489401,-0.23959149,-0.43418484,-0.1789788
B,5.89,-0.41524534,-1.4636687,-0.2230984,-0.41960793,-0.17927337
B,5.9,-0.42992316,-1.4705327,-0.20572484,-0.40373994,-0.17941065
B,5.91,-0.44463072,-1.4697219,-0.18753938,-0.38688131,-0.17939444
B,5.92,-0.45929201,-1.4613722,-0.16861379,-0.36905566,-0.17922744
B,5.93,-0.47383217,-1.4455846,-0.14902275,-0.35009847,-0.17891169
B,5.94,-0.48817724,-1.4224419,-0.12884359,-0.33064434,-0.17844884
B,5.95,-0.50225407,-1.392023,-0.10815595,-0.31019737,-0.17784046
B,5.96,-0.51599033,-1.3544144,-0.087041461,-0.28913078,-0.17708829
B,5.97,-0.52931462,-1.3097191,-0.06558346,-0.26738181,-0.17619438
B,5.98,-0.54215669,-1.2580631,-0.043866632,-0.2453907,-0.17516126
B,5.99,-0.55444768,-1.1996002,-0.021976682,-0.22285259,-0.173992
C,0,0,0,0,0,0
C,0.01,0.0034692798,0.663737,0,0.13685081,0.16327491
C,0.02,0.012818738,1.1767877,0,0.13819823,0.17353575
C,0.03,0.026602927,1.5558706,0,0.145648,0.18111741
C,0.04,0.043599592,1.8242483,0,0.15524818,0.18648497
C,0.05,0.062816288,2.0043485,0,0.16432373,0.19008697
C,0.06,0.083474903,2.1164764,0,0.17228486,0.19232953
C,0.07,0.10498669,2.1781622,0,0.17853422,0.19356324
C,0.08,0.12692319,2.2039518,0,0.18344138,0.19407904
C,0.09,0.14898655,2.2054897,0,0.18697818,0.19410979
C,0.1,0.17098179,2.1917772,0,0.18934824,0.19383554
C,0.11,0.19279203,2.1695227,0,0.19088587,0.19339045
C,0.12,0.21435752,2.1435246,0,0.19183534,0.19287049
C,0.13,0.23565843,2.1170455,0,0.19231223,0.19234091
C,0.14,0.25670126,2.0921569,0,0.19249301,0.19184314
C,0.15,0.27750852,2.0700383,0,0.1922999,0.19140077
C,0.16,0.29811106,2.0512285,0,0.19203342,0.19102457
C,0.17,0.31854277,2.0358275,0,0.19175005,0.19071655
C,0.18,0.33883701,2.0236543,0,0.19158927,0.19047309
C,0.19,0.35902441,2.0143654,0,0.19108297,0.19028731
C,0.2,0.37913173,2.0075405,0,0.19098184,0.19015081
C,0.21,0.39918139,2.0027413,0,0.19060718,0.19005483
C,0.22,0.41919151,1.9995493,0,0.19049123,0.18999099
C,0.23,0.43917621,1.9975887,0,0.19025703,0.18995177
C,0.24,0.45914615,1.9965369,0,0.19019153,0.18993074
C,0.25,0.47910901,1.9961275,0,0.19012424,0.18992255
C,0.26,0.49907011,1.9961484,0,0.19011009,0.18992297
C,0.27,0.51903288,1.9964365,0,0.18999843,0.18992873
C,0.28,0.53899936,1.9968708,0,0.1899252,0.18993742
C,0.29,0.55897054,1.9973653,0,0.18985771,0.18994731
C,0.3,0.57894672,1.9978622,0,0.1899675,0.18995724
C,0.31,0.59892772,1.9983251,0,0.18999203,0.1899665
C,0.32,0.61891309,1.9987337,0,0.19001238,0.18997467
C,0.33,0.63890222,1.9990791,0,0.18996887,0.18998158
C,0.34,0.65889449,1.9993606,0,0.18996905,0.18998721
C,0.35,0.67888926,1.999582,0,0.18994585,0.18999164
C,0.36,0.69888597,1.99975,0,0.18986087,0.189995
C,0.37,0.71888412,1.9998728,0,0.18988877,0.18999746
C,0.38,0.73888331,1.9999585,0,0.19004712,0.18999917
C,0.39,0.7588832,2.000015,0,0.19005747,0.1900003
C,0.4,0.77888354,2.0000492,0,0.1898822,0.19000098
C,0.41,0.79888413,2.000067,0,0.19005731,0.19000134
C,0.42,0.81888484,2.0000734,0,0.19004533,0.19000147
C,0.43,0.83888557,2.0000721,0,0.18998141,0.19000144
C,0.44,0.85888627,2.0000661,0,0.18994867,0.19000132
C,0.45,0.87888689,2.0000577,0,0.18997477,0.19000115
C,0.46,0.89888742,2.0000483,0,0.19003186,0.19000097
C,0.47,0.91888785,2.000039,0,0.19001686,0.19000078
C,0.48,0.9388882,2.0000304,0,0.19006591,0.19000061
C,0.49,0.95888847,2.0000229,0,0.18997847,0.19000046
C,0.5,0.97888866,2.0000165,0,0.1755458,0.19000033
C,0.51,0.990583,0.43005965,0,0.065504173,0.15861958
C,0.52,0.98934363,-0.55309164,0,0.052949419,-0.1610634
C,0.53,0.98036345,-1.2021141,0,-0.043913415,-0.17404228
C,0.54,0.96586855,-1.6642773,0,-0.098845965,-0.18328555
C,0.55,0.94753768,-1.9767822,0,-0.1317891,-0.18953564
C,0.56,0.92669278,-2.17354,0,-0.1528074,-0.1934708
C,0.57,0.90433869,-2.2839866,0,-0.16715224,-0.19567973
C,0.58,0.88121047,-2.3326619,0,-0.17699796,-0.19665324
C,0.59,0.85782233,-2.3392972,0,-0.18369524,-0.19678594
C,0.6,0.83451384,-2.3192127,0,-0.18834385,-0.19638425
C,0.61,0.81149132,-2.2838808,0,-0.19116752,-0.19567762
C,0.62,0.78886314,-2.2415527,0,-0.19277744,-0.19483105
C,0.63,0.76666882,-2.1978792,0,-0.19364294,-0.19395758
C,0.64,0.74490205,-2.1564841,0,-0.19393803,-0.19312968
C,0.65,0.72352835,-2.1194672,0,-0.19381288,-0.19238934
C,0.66,0.70249813,-2.0878268,0,-0.19337072,-0.19175654
C,0.67,0.68175592,-2.0618022,0,-0.19309485,-0.19123604
C,0.68,0.66124651,-2.041142,0,-0.19252213,-0.19082284
C,0.69,0.64091881,-2.0253059,0,-0.19208884,-0.19050612
C,0.7,0.62072796,-2.0136123,0,-0.19160265,-0.19027225
C,0.71,0.60063616,-2.0053399,0,-0.19126232,-0.1901068
C,0.72,0.58061277,-1.9997941,0,-0.19088883,-0.18999588
C,0.73,0.56063374,-1.9963465,0,-0.19050236,-0.18992693
C,0.74,0.54068093,-1.994455,0,-0.19043273,-0.1898891
C,0.75,0.5207411,-1.99367,0,-0.19028574,-0.1898734
C,0.76,0.50080509,-1.993632,0,-0.19012687,-0.18987264
C,0.77,0.48086689,-1.9940629,0,-0.19000891,-0.18988126
C,0.78,0.46092291,-1.9947559,0,-0.19002653,-0.18989512
C,0.79,0.44097132,-1.9955629,0,-0.18999948,-0.18991126
C,0.8,0.42101152,-1.9963836,0,-0.18988601,-0.18992767
C,0.81,0.40104374,-1.9971542,0,-0.19001649,-0.18994308
C,0.82,0.38106866,-1.9978385,0,-0.18981822,-0.18995677
C,0.83,0.36108725,-1.99842,0,-0.18983939,-0.1899684
C,0.84,0.34110056,-1.9988959,0,-0.18989597,-0.18997792
C,0.85,0.32110962,-1.9992718,0,-0.18998441,-0.18998544
C,0.86,0.30111538,-1.9995585,0,-0.189948,-0.18999117
C,0.87,0.28111868,-1.999769,0,-0.18997426,-0.18999538
C,0.88,0.26112019,-1.999917,0,-0.1900603,-0.18999834
C,0.89,0.24112049,-2.0000152,0,-0.18988036,-0.1900003
C,0.9,0.22112001,-2.0000755,0,-0.18992758,-0.19000151
C,0.91,0.20111907,-2.0001077,0,-0.18996435,-0.19000215
C,0.92,0.18111792,-2.0001202,0,-0.19001327,-0.1900024
C,0.93,0.16111671,-2.0001193,0,-0.18997528,-0.19000239
C,0.94,0.14111556,-2.0001103,0,-0.19002069,-0.19000221
C,0.95,0.12111452,-2.0000968,0,-0.18995085,-0.19000194
C,0.96,0.10111363,-2.0000814,0,-0.19001235,-0.19000163
C,0.97,0.081112894,-2.000066,0,-0.19005071,-0.19000132
C,0.98,0.061112307,-2.0000517,0,-0.18998069,-0.19000103
C,0.99,0.041111855,-2.0000391,0,-0.19007424,-0.19000078
C,1,0.02111152,-2.0000284,0,-0.1806223,-0.19000057
C,1.01,0.0065100531,-0.97955144,0,-0.10901282,-0.16959103
C,1.02,0.000706838,-0.22960107,0,-0.16594741,-0.15560526
C,1.03,0.00066167286,0.12273996,0,-0.078081369,0.16104284
C,1.04,0.0028821155,0.3114357,0,0.045369957,0.15642591
C,1.05,0.0067413584,0.45128986,0,0.10205336,0.15903782
C,1.06,0.011780195,0.54926197,0,0.12969013,0.16098693
C,1.07,0.017624229,0.61405283,0,0.14390655,0.16228152
C,1.08,0.023982106,0.65349946,0,0.15176326,0.1630702
C,1.09,0.030635229,0.67430645,0,0.15621533,0.16348627
C,1.1,0.037426042,0.68199076,0,0.15891677,0.16363993
C,1.11,0.04424635,0.68093374,0,0.16076325,0.1636188
C,1.12,0.0510265,0.67449487,0,0.16166669,0.16349004
C,1.13,0.057725872,0.66515581,0,0.16246943,0.16330328
C,1.14,0.064324876,0.65467297,0,0.16283778,0.16309367
C,1.15,0.070818449,0.64422455,0,0.16290507,0.16288474
C,1.16,0.077210956,0.63454367,0,0.16284089,0.16269118
C,1.17,0.08351234,0.62603322,0,0.16283216,0.16252103
C,1.18,0.089735315,0.61886115,0,0.1627993,0.16237764
C,1.19,0.095893416,0.61303676,0,0.16262049,0.16226121
C,1.2,0.10199973,0.60846962,0,0.16250309,0.16216991
C,1.21,0.10806611,0.60501352,0,0.16249088,0.16210083
C,1.22,0.11410283,0.60249784,0,0.16234111,0.16205054
C,1.23,0.12011841,0.60074889,0,0.16219233,0.16201558
C,1.24,0.12611968,0.59960352,0,0.16227864,0.16199269
C,1.25,0.13211192,0.59891676,0,0.1622008,0.16197896
C,1.26,0.13809908,0.59856535,0,0.1620238,0.16197194
C,1.27,0.14408398,0.59844839,0,0.16200976,0.1619696
C,1.28,0.15006855,0.59848617,0,0.1620906,0.16197036
C,1.29,0.15605402,0.59861784,0,0.16198066,0.16197299
C,1.3,0.16204109,0.59879874,0,0.16202378,0.1619766
C,1.31,0.16803008,0.59899746,0,0.16210239,0.16198058
C,1.32,0.17402105,0.5991931,0,0.16204371,0.16198449
C,1.33,0.1800139,0.59937286,0,0.16185027,0.16198808
C,1.34,0.18600844,0.59952987,0,0.16195046,0.16199122
C,1.35,0.19200443,0.59966146,0,0.16184536,0.16199385
C,1.36,0.1980016,0.59976779,0,0.16189989,0.16199597
C,1.37,0.20399972,0.59985075,0,0.16191159,0.16199763
C,1.38,0.20999856,0.59991321,0,0.16193123,0.16199888
C,1.39,0.21599793,0.59995839,0,0.16189321,0.16199978
C,1.4,0.22199768,0.59998958,0,0.16201874,0.16200041
C,1.41,0.22799769,0.60000979,0,0.16206941,0.16200081
C,1.42,0.23399785,0.60002171,0,0.16198155,0.16200105
C,1.43,0.2399981,0.6000276,0,0.16205594,0.16200117
C,1.44,0.24599839,0.60002931,0,0.1620066,0.1620012
C,1.45,0.25199868,0.60002828,0,0.1619613,0.16200118
C,1.46,0.25799895,0.60002562,0,0.1619614,0.16200113
C,1.47,0.26399919,0.60002213,0,0.16195775,0.16200106
C,1.48,0.26999939,0.60001837,0,0.16206003,0.16200098
C,1.49,0.27599955,0.60001471,0,0.16195543,0.16200091
C,1.5,0.28199968,0.60001138,0,0.15772388,0.16200084
C,1.51,0.28550705,0.12819523,0,0.12484041,0.16026425
C,1.52,0.28568428,-0.0052084584,0,0.026572458,-0.24021145
C,1.53,0.28546625,-0.052764707,0,-0.11286006,-0.1858643
C,1.54,0.28440299,-0.16252133,0,-0.14557608,-0.15712619
C,1.55,0.28221328,-0.27198607,0,-0.14985585,-0.15587379
C,1.56,0.2790099,-0.36474307,0,-0.15156739,-0.15736276
C,1.57,0.27497002,-0.43956779,0,-0.1531724,-0.15880656
C,1.58,0.27026743,-0.49775621,0,-0.15487272,-0.15995987
C,1.59,0.26505836,-0.54138868,0,-0.15638333,-0.16082976
C,1.6,0.25947659,-0.57281519,0,-0.1577037,-0.16145736
C,1.61,0.25363227,-0.59437663,0,-0.15900345,-0.16188822
C,1.62,0.24761292,-0.60823938,0,-0.1597618,-0.16216531
C,1.63,0.24148567,-0.6163058,0,-0.16053344,-0.16232656
C,1.64,0.23530015,-0.6201775,0,-0.16113453,-0.16240396
C,1.65,0.2290915,-0.62115392,0,-0.1615703,-0.16242348
C,1.66,0.2228833,-0.62025304,0,-0.16181263,-0.16240547
C,1.67,0.21669025,-0.61824447,0,-0.16202367,-0.16236532
C,1.68,0.21052045,-0.61568776,0,-0.1621276,-0.1623142
C,1.69,0.20437728,-0.6129714,0,-0.16224867,-0.1622599
C,1.7,0.19826096,-0.61034933,0,-0.16234871,-0.16220749
C,1.71,0.19216972,-0.60797335,0,-0.16223614,-0.16215999
C,1.72,0.18610063,-0.60592065,0,-0.16215846,-0.16211896
C,1.73,0.18005033,-0.60421636,0,-0.16220079,-0.16208489
C,1.74,0.17401533,-0.60285128,0,-0.16223277,-0.16205761
C,1.75,0.16799239,-0.60179545,0,-0.16214228,-0.1620365
C,1.76,0.16197862,-0.60100807,0,-0.16207559,-0.16202076
C,1.77,0.15597155,-0.60044451,0,-0.16207878,-0.1620095
C,1.78,0.14996917,-0.60006094,0,-0.16203709,-0.16200183
C,1.79,0.1439699,-0.59981711,0,-0.16203258,-0.16199696
C,1.8,0.1379725,-0.59967795,0,-0.16199255,-0.16199418
C,1.81,0.1319761,-0.59961406,0,-0.1619412,-0.1619929
C,1.82,0.12598005,-0.59960173,0,-0.16197846,-0.16199265
C,1.83,0.11998395,-0.59962247,0,-0.16201604,-0.16199307
C,1.84,0.11398754,-0.59966238,0,-0.16199186,-0.16199387
C,1.85,0.10799067,-0.5997114,0,-0.16195421,-0.16199485
C,1.86,0.1019933,-0.59976261,0,-0.16186289,-0.16199587
C,1.87,0.095995421,-0.59981153,0,-0.16196465,-0.16199685
C,1.88,0.089997078,-0.59985554,0,-0.16193629,-0.16199773
C,1.89,0.083998327,-0.59989332,0,-0.16203605,-0.16199848
C,1.9,0.077999231,-0.59992453,0,-0.16202073,-0.16199911
C,1.91,0.071999855,-0.5999494,0,-0.16200159,-0.1619996
C,1.92,0.066000259,-0.59996854,0,-0.16194079,-0.16199999
C,1.93,0.060000499,-0.59998274,0,-0.16206295,-0.16200027
C,1.94,0.054000617,-0.59999283,0,-0.16187701,-0.16200047
C,1.95,0.048000652,-0.59999965,0,-0.16194741,-0.16200061
C,1.96,0.042000632,-0.60000393,0,-0.16205192,-0.16200069
C,1.97,0.036000579,-0.60000632,0,-0.16192145,-0.16200074
C,1.98,0.03000051,-0.60000736,0,-0.16206077,-0.16200076
C,1.99,0.024000435,-0.60000749,0,-0.16195325,-0.16200076
C,2,0.018000362,-0.60000703,0,-0.15876113,-0.16200075
C,2.01,0.013869257,-0.24666544,0,-0.13395981,-0.15565357
C,2.02,0.012813583,0.0011459389,0,-0.15647128,0.2477571
C,2.03,0.012822832,-0.00046047702,0,-0.034366644,-0.24909248
C,2.04,0.012834997,0.00023079874,0,0.048149021,0.24954408
C,2.05,0.012849002,0.0030482612,0,0.099885251,0.24414656
C,2.06,0.012866255,0.0032380012,0,0.13775224,0.243794
C,2.07,0.012886687,0.00075817143,0,0.16954179,0.24851026
C,2.08,0.012909619,0.00041051481,0,0.19890592,0.24919054
C,2.09,0.012958414,0.010216518,0,0.22257098,0.23172363
C,2.1,0.013284781,0.063681285,0,0.21710023,0.17925515
C,2.11,0.014334427,0.14555734,0,0.18918737,0.15835248
C,2.12,0.016160934,0.21593344,0,0.16903835,0.15565043
C,2.13,0.018595414,0.26739932,0,0.1595308,0.15582376
C,2.14,0.021457655,0.30221713,0,0.15589007,0.15628147
C,2.15,0.024598854,0.32390742,0,0.15484134,0.15663181
C,2.16,0.027904823,0.33578323,0,0.15488683,0.15683684
C,2.17,0.03129208,0.34065811,0,0.15533865,0.15692308
C,2.18,0.034702524,0.34080231,0,0.15577435,0.15692565
C,2.19,0.03809814,0.33797614,0,0.15613197,0.1568755
C,2.2,0.041456199,0.33349303,0,0.15639364,0.15679672
C,2.21,0.044765158,0.32829266,0,0.15657593,0.15670662
C,2.22,0.048021293,0.32301396,0,0.15668576,0.15661672
C,2.23,0.051226036,0.31806238,0,0.1565474,0.15653397
C,2.24,0.054383946,0.31366853,0,0.15659623,0.15646196
C,2.25,0.057501219,0.30993732,0,0.15657335,0.15640194
C,2.26,0.060584631,0.30688749,0,0.1565578,0.15635373
C,2.27,0.063640848,0.30448241,0,0.1565297,0.15631627
C,2.28,0.06667599,0.30265333,0,0.15641283,0.15628813
C,2.29,0.069695397,0.30131615,0,0.15630852,0.15626776
C,2.3,0.072703546,0.3003831,0,0.15643259,0.15625365
C,2.31,0.075704048,0.29977028,0,0.15632094,0.15624442
C,2.32,0.078699717,0.29940222,0,0.15634871,0.1562389
C,2.33,0.081692663,0.29921405,0,0.15635441,0.15623608
C,2.34,0.084684406,0.29915223,0,0.15610159,0.15623516
C,2.35,0.087675984,0.29917412,0,0.15629252,0.15623549
C,2.36,0.090668062,0.29924695,0,0.1561805,0.15623658
C,2.37,0.09366102,0.29934655,0,0.15618564,0.15623807
C,2.38,0.096655035,0.29945581,0,0.15621304,0.1562397
C,2.39,0.099650141,0.29956332,0,0.15621193,0.15624132
C,2.4,0.10264628,0.29966202,0,0.15624839,0.1562428
C,2.41,0.10564335,0.29974814,0,0.15622928,0.15624409
C,2.42,0.10864121,0.2998202,0,0.15621241,0.15624517
C,2.43,0.11163971,0.29987828,0,0.15620611,0.15624605
C,2.44,0.11463873,0.29992344,0,0.15624072,0.15624672
C,2.45,0.11763815,0.29995725,0,0.15635634,0.15624723
C,2.46,0.12063785,0.29998152,0,0.15622872,0.1562476
C,2.47,0.12363775,0.29999807,0,0.1563598,0.15624785
C,2.48,0.12663779,0.30000859,0,0.1563153,0.156248
C,2.49,0.12963791,0.30001458,0,0.15622663,0.15624809
C,2.5,0.13263807,0.3000173,0,0.1541167,0.15624814
C,2.51,0.13438087,0.058784822,0,0.14006664,0.18203609
C,2.52,0.13444807,-3.3590144e-06,0,0.087331225,-0.24999335
C,2.53,0.13444232,-0.0031818019,0,0.0043607271,-0.24389828
C,2.54,0.13443252,0.0010057101,0,-0.048106864,0.24802879
C,2.55,0.13442088,-0.0018774618,0,-0.086494539,-0.24635225
C,2.56,0.13440518,-0.0022733173,0,-0.11829478,-0.24560064
C,2.57,0.13438931,0.00040372406,0,-0.14755429,0.24920388
C,2.58,0.13436988,-0.0041703114,0,-0.17524031,-0.24208114
C,2.59,0.13434609,-0.0012934941,0,-0.20223263,-0.24747206
C,2.6,0.13427734,-0.015739954,0,-0.22226508,-0.22330835
C,2.61,0.13385887,-0.075347047,0,-0.21187416,-0.17366562
C,2.62,0.1326968,-0.15556416,0,-0.18475968,-0.15756566
C,2.63,0.13078819,-0.22240683,0,-0.16697371,-0.15561817
C,2.64,0.12830453,-0.27092833,0,-0.15864909,-0.15586192
C,2.65,0.12541843,-0.30360857,0,-0.15552966,-0.15630279
C,2.66,0.12227113,-0.32385445,0,-0.15484206,-0.15663092
C,2.67,0.11897063,-0.33482927,0,-0.15488629,-0.1568201
C,2.68,0.1155957,-0.33920868,0,-0.15545055,-0.15689733
C,2.69,0.11220099,-0.33914655,0,-0.15569464,-0.15689623
C,2.7,0.10882212,-0.33630953,0,-0.1560385,-0.1568461
C,2.71,0.10548023,-0.33193853,0,-0.1563179,-0.15676963
C,2.72,0.10218595,-0.32691915,0,-0.15653482,-0.15668307
C,2.73,0.098942492,-0.32185166,0,-0.15669348,-0.15659715
C,2.74,0.095748281,-0.31711517,0,-0.1565974,-0.15651833
C,2.75,0.092598805,-0.31292359,0,-0.15660845,-0.15644989
C,2.76,0.089488053,-0.30937225,0,-0.15658077,-0.15639295
C,2.77,0.086409495,-0.30647548,0,-0.15658578,-0.15634727
C,2.78,0.083356742,-0.30419577,0,-0.15654788,-0.15631184
C,2.79,0.080323946,-0.30246579,0,-0.1564042,-0.15628526
C,2.8,0.077306014,-0.30120417,0,-0.15638156,-0.15626606
C,2.81,0.07429869,-0.30032652,0,-0.15644232,-0.15625279
C,2.82,0.071298545,-0.29975251,0,-0.15638647,-0.15624416
C,2.83,0.068302915,-0.29941007,0,-0.15635013,-0.15623902
C,2.84,0.065309805,-0.29923742,0,-0.15621217,-0.15623643
C,2.85,0.062317783,-0.29918366,0,-0.15628543,-0.15623563
C,2.86,0.059325873,-0.29920835,0,-0.15621246,-0.156236
C,2.87,0.056333453,-0.2992805,0,-0.15626461,-0.15623708
C,2.88,0.053340173,-0.29937727,0,-0.15625245,-0.15623853
C,2.89,0.05034587,-0.29948255,0,-0.15632795,-0.1562401
C,2.9,0.047350519,-0.29958565,0,-0.15618643,-0.15624165
C,2.91,0.044354177,-0.29967999,0,-0.15622278,-0.15624307
C,2.92,0.041356951,-0.29976209,0,-0.15623443,-0.1562443
C,2.93,0.038358973,-0.29983062,0,-0.1561985,-0.15624533
C,2.94,0.035360378,-0.29988575,0,-0.15616329,-0.15624616
C,2.95,0.032361294,-0.29992851,0,-0.15629198,-0.1562468
C,2.96,0.02936184,-0.29996046,0,-0.15617769,-0.15624728
C,2.97,0.026362113,-0.29998333,0,-0.15616012,-0.15624762
C,2.98,0.023362195,-0.29999888,0,-0.15631215,-0.15624786
C,2.99,0.020362153,-0.30000871,0,-0.15611813,-0.15624801
C,3,0.017362035,-0.30001426,0,-0.15482434,-0.15624809
C,3.01,0.015196085,-0.14157997,0,-0.1444273,-0.15872345
C,3.02,0.014472048,6.6070436e-05,0,-0.16653307,0.24986927
C,3.03,0.014464466,0.0011693312,0,-0.12149498,0.24771186
C,3.04,0.014460084,0.0018073207,0,-0.083915778,0.24648605
C,3.05,0.014455615,0.0014841377,0,-0.061731125,0.24710503
C,3.06,0.014451609,0.00028213302,0,-0.047051749,0.24944297
C,3.07,0.014448291,-0.0017737807,0,-0.035240312,-0.2465501
C,3.08,0.014446397,0.00034454511,0,-0.025173828,0.24932017
C,3.09,0.014446715,0.0018099291,0,-0.015887246,0.24648107
C,3.1,0.014447071,0.0022914115,0,-0.0066282898,0.24556643
C,3.11,0.014446188,0.0016100163,0,0.0026966484,0.24686346
C,3.12,0.014448423,0.00039056382,0,0.01163943,0.24922973
C,3.13,0.014451007,-0.0017853323,0,0.020612607,-0.24652804
C,3.14,0.014455534,0.00023020269,0,0.029489525,0.24954526
C,3.15,0.014459425,0.0011296087,0,0.038634515,0.2477887
C,3.16,0.014464387,0.0011642049,0,0.047389069,0.24772177
C,3.17,0.014469918,0.00024967688,0,0.056291587,0.24950688
C,3.18,0.01447801,-0.0013397164,0,0.06527537,-0.24738294
C,3.19,0.014482655,0.00044720586,0,0.074634004,0.24911852
C,3.2,0.014491353,0.0017873187,0,0.082989247,0.24652424
C,3.21,0.014501061,0.0022064039,0,0.091911292,0.24572727
C,3.22,0.014512821,0.0018405192,0,0.10074873,0.2464227
C,3.23,0.014524331,0.00035512405,0,0.10972259,0.24929937
C,3.24,0.014534846,0.0025723156,0,0.11834315,0.24503691
C,3.25,0.014547921,-0.00086358062,0,0.127453,-0.24830494
C,3.26,0.014562742,-0.00022624182,0,0.13602423,-0.24955306
C,3.27,0.01457848,-0.00058120086,0,0.14499383,-0.24885595
C,3.28,0.014595251,0.0030125404,0,0.15379153,0.24421309
C,3.29,0.01461248,0.00060934295,0,0.16265765,0.2488009
C,3.3,0.014631157,0.0021946881,0,0.17137578,0.24574946
C,3.31,0.014649943,0.0026486301,0,0.18015681,0.24489357
C,3.32,0.014670236,0.0021583467,0,0.18893933,0.24581832
C,3.33,0.014690536,0.00050144299,0,0.19805256,0.24901216
C,3.34,0.014712607,0.0028499464,0,0.20652195,0.24451651
C,3.35,0.014735382,0.0041155376,0,0.21525944,0.24218088
C,3.36,0.01476028,0.004482483,0,0.2240864,0.24151479
C,3.37,0.014793085,0.0047238966,0,0.23146603,0.24107926
C,3.38,0.014873739,0.014604119,0,0.23499261,0.22496278
C,3.39,0.015179959,0.051073882,0,0.2207818,0.18702773
C,3.4,0.015953599,0.10322954,0,0.19456628,0.16475161
C,3.41,0.017216436,0.14632173,0,0.17409561,0.15828521
C,3.42,0.018828476,0.17315797,0,0.16273583,0.15659622
C,3.43,0.020633778,0.18569929,0,0.15778193,0.156152
C,3.44,0.022508021,0.187678,0,0.15576712,0.15609698
C,3.45,0.024363651,0.18257329,0,0.15531314,0.15624677
C,3.46,0.026144508,0.17316842,0,0.15551735,0.15659578
C,3.47,0.027818579,0.16152653,0,0.1560634,0.15718418
C,3.48,0.029371237,0.14908899,0,0.15700991,0.15805203
C,3.49,0.030799682,0.13680727,0,0.15794874,0.15921812
C,3.5,0.032108715,0.12527442,0,0.15843389,0.16066906
C,3.51,0.032850686,0.021041419,0,0.16211969,0.2160711
C,3.52,0.03287425,0.00018162391,0,0.14282668,0.24964104
C,3.53,0.032883837,0.003194628,0,0.11112681,0.24387447
C,3.54,0.032894468,0.0023139093,0,0.092166868,0.24552391
C,3.55,0.032901422,0.0018137947,0,0.078623666,0.2464737
C,3.56,0.032907144,0.0020634355,0,0.06743861,0.24599839
C,3.57,0.032913956,-0.0015218742,0,0.057403615,-0.24703254
C,3.58,0.03291754,0.00028372659,0,0.048229762,0.24943983
C,3.59,0.032920076,-0.0020322378,0,0.03906812,-0.24605766
C,3.6,0.032922022,0.0014585438,0,0.030022312,0.24715422
C,3.61,0.032923686,0.00095062623,0,0.020876799,0.24813572
C,3.62,0.032921992,0.00093331028,0,0.01223637,0.24816936
C,3.63,0.032920844,0.0020050569,0,0.0027128965,0.24610933
C,3.64,0.032919996,-0.00081911776,0,-0.0059494928,-0.24839149
C,3.65,0.032917572,0.0020556192,0,-0.015039717,0.24601324
C,3.66,0.032915081,0.00099688344,0,-0.02395889,0.24804591
C,3.67,0.032911456,0.00078970521,0,-0.032792699,0.24844879
C,3.68,0.032906303,0.0013844414,0,-0.041856465,0.24729679
C,3.69,0.03289972,-0.0021204001,0,-0.050540074,-0.24589027
C,3.7,0.032893312,0.00037115988,0,-0.059822284,0.24926785
C,3.71,0.032884816,-0.0013208419,0,-0.068345724,-0.24741932
C,3.72,0.032874883,-0.0021476514,0,-0.077355486,-0.24583859
C,3.73,0.032864825,-0.0019241615,0,-0.086263948,-0.24626327
C,3.74,0.032854335,-0.00068729135,0,-0.094993305,-0.24864857
C,3.75,0.032843603,-0.003332438,0,-0.10398463,-0.24361902
C,3.76,0.032832334,-4.244151e-05,0,-0.11298102,-0.249916
C,3.77,0.032820293,-0.0007082787,0,-0.12173499,-0.24860759
C,3.78,0.032807012,-0.00045176727,0,-0.1305993,-0.24910957
C,3.79,0.032791613,0.00061079769,0,-0.13944897,0.24879805
C,3.8,0.032775227,-0.0022706538,0,-0.14805483,-0.24560568
C,3.81,0.032758545,-0.0040632867,0,-0.15703995,-0.24227613
C,3.82,0.032740855,6.5386111e-05,0,-0.16584849,0.24987062
C,3.83,0.032723096,0.0004039102,0,-0.1749219,0.24920351
C,3.84,0.032703567,-0.0032918252,0,-0.18327817,-0.24369423
C,3.85,0.032683988,-0.0009102257,0,-0.19220178,-0.24821422
C,3.86,0.032662542,-0.0025553074,0,-0.20082344,-0.24506889
C,3.87,0.03263923,-0.0032827354,0,-0.2095499,-0.24371107
C,3.88,0.032615283,-0.0029063798,0,-0.21824567,-0.24441108
C,3.89,0.032589377,-0.001605092,0,-0.22727512,-0.2468729
C,3.9,0.032547858,-0.0061142848,0,-0.23388519,-0.23861184
C,3.91,0.032416895,-0.024328495,0,-0.23218437,-0.21195971
C,3.92,0.031962189,-0.069638271,0,-0.21162101,-0.17623151
C,3.93,0.031002207,-0.1205085,0,-0.18606289,-0.16139017
C,3.94,0.02959475,-0.15783769,0,-0.16909516,-0.15741312
C,3.95,0.027896466,-0.17912996,0,-0.16046812,-0.15636293
C,3.96,0.026054011,-0.18743288,0,-0.1566986,-0.15610359
C,3.97,0.024178184,-0.18649365,0,-0.15547348,-0.15612946
C,3.98,0.022344433,-0.17955902,0,-0.15536406,-0.15634776
C,3.99,0.020599388,-0.16914625,0,-0.15563828,-0.15677773
C,4,0.018968078,-0.15708046,0,-0.15595511,-0.15746293
C,4.01,0.017741495,-0.089890174,0,-0.15519836,-0.16836404
C,4.02,0.017189788,-0.017162316,0,-0.17229755,-0.22128959
C,4.03,0.017164652,-0.00017458683,0,-0.16473444,-0.24965493
C,4.04,0.017151759,-0.0035186323,0,-0.1460965,-0.24327502
C,4.05,0.017139386,0.00091382381,0,-0.13603646,0.24820723
C,4.06,0.01712763,-0.0016479222,0,-0.13014015,-0.24679084
C,4.07,0.017116087,-0.0014187602,0,-0.12586838,-0.24723073
C,4.08,0.017103504,-0.0034968143,0,-0.1223128,-0.24331526
C,4.09,0.01709087,-0.0028117133,0,-0.11919191,-0.244588
C,4.1,0.017079436,0.00081317067,0,-0.11621072,0.24840308
C,4.11,0.017067225,-0.0027621036,0,-0.11342448,-0.24468085
C,4.12,0.017056834,-0.0033136004,0,-0.11061484,-0.2436539
C,4.13,0.017045724,-0.0012147529,0,-0.10769948,-0.24762406
C,4.14,0.017035329,-0.0011789753,0,-0.10522542,-0.24769321
C,4.15,0.017025078,-0.0033009649,0,-0.10225458,-0.2436773
C,4.16,0.017013814,-0.0028112233,0,-0.099523971,-0.24458892
C,4.17,0.017004836,0.00076022107,0,-0.09677176,0.24850626
C,4.18,0.016995463,-0.0028349863,0,-0.094042778,-0.24454447
C,4.19,0.016986605,0.0013095043,0,-0.09107056,0.24744118
C,4.2,0.016977436,-0.0017067183,0,-0.088159427,-0.2466783
C,4.21,0.016970694,-0.0016366177,0,-0.085908701,-0.24681249
C,4.22,0.016958612,0.00039683223,0,-0.082432566,0.24921741
C,4.23,0.016950405,0.00082312482,0,-0.080167841,0.24838369
C,4.24,0.016942848,-0.00085451401,0,-0.077373163,-0.24832258
C,4.25,0.016936256,0.00033246695,0,-0.07472794,0.24934392
C,4.26,0.016929071,-0.0007708419,0,-0.071829171,-0.24848556
C,4.27,0.016922819,0.0009813297,0,-0.069083437,0.2480761
C,4.28,0.016916375,0.00049744683,0,-0.066514091,0.24901999
C,4.29,0.016909002,-0.0023311545,0,-0.063306148,-0.24549133
C,4.3,0.016903418,-0.0021798813,0,-0.0607491,-0.24577751
C,4.31,0.016897373,0.00061664498,0,-0.058107312,0.24878662
C,4.32,0.016891423,0.0012154689,0,-0.055389108,0.24762268
C,4.33,0.016888125,-2.2622354e-05,0,-0.052941378,-0.24995522
C,4.34,0.016882321,0.0010742055,0,-0.049881227,0.24789599
C,4.35,0.016878116,0.00018261031,0,-0.047286164,0.2496391
C,4.36,0.01687402,0.0020026982,0,-0.044559194,0.24611381
C,4.37,0.016869749,0.0015668282,0,-0.041619138,0.24694627
C,4.38,0.016866159,-0.00099967702,0,-0.038998407,-0.24804049
C,4.39,0.016863098,-0.0008015269,0,-0.036163476,-0.24842576
C,4.4,0.016859868,0.0020623414,0,-0.033552906,0.24600047
C,4.41,0.016856875,-0.0022062233,0,-0.030755921,-0.24572761
C,4.42,0.01685412,0.0011751614,0,-0.028274739,0.24770059
C,4.43,0.016850712,-0.0027090577,0,-0.025150055,-0.24478023
C,4.44,0.016848576,0.0012075693,0,-0.02273207,0.24763794
C,4.45,0.016846296,-0.0020703656,0,-0.019790093,-0.24598523
C,4.46,0.016844575,-0.0025929147,0,-0.016955781,-0.2449982
C,4.47,0.016843826,-0.00030094289,0,-0.014454735,-0.24940594
C,4.48,0.016843304,-0.000237687,0,-0.011711383,-0.24953051
C,4.49,0.016843044,-0.0024007118,0,-0.0088779592,-0.24536004
C,4.5,0.016844967,-0.0015881133,0,-0.0067836815,-0.24690545
C,4.51,0.016842142,0.0015195541,0,-0.020389695,0.247037
C,4.52,0.016838871,0.0019297385,0,-0.027968401,0.24625265
C,4.53,0.016834909,-0.00039322905,0,-0.032701325,-0.24922449
C,4.54,0.016830831,-0.00043109432,0,-0.036371089,-0.24915014
C,4.55,0.016826922,0.0018582249,0,-0.039603814,0.24638893
C,4.56,0.016822268,0.0014194141,0,-0.042483738,0.24722948
C,4.57,0.016816659,-0.0017773531,0,-0.044926389,-0.24654328
C,4.58,0.016812529,-0.0024410174,0,-0.04796952,-0.24528404
C,4.59,0.016806501,-0.0010772098,0,-0.05037466,-0.24789017
C,4.6,0.016800579,-0.002305888,0,-0.052973951,-0.24553907
C,4.61,0.016795698,-0.0010693126,0,-0.055766515,-0.24790547
C,4.62,0.016790684,-0.002464874,0,-0.058649343,-0.24523909
C,4.63,0.016785888,-0.0015224426,0,-0.061167611,-0.24703145
C,4.64,0.016778746,0.0013991654,0,-0.06364881,0.24726844
C,4.65,0.016772401,-0.0030900005,0,-0.066242282,-0.24406889
C,4.66,0.016764667,-0.00052539087,0,-0.068944996,-0.24896523
C,4.67,0.016757053,-0.00053797518,0,-0.071556041,-0.24894058
C,4.68,0.01674964,-0.0031149653,0,-0.074205548,-0.24402246
C,4.69,0.016741329,0.0014451961,0,-0.077139779,0.24717988
C,4.7,0.016731835,-0.0016700732,0,-0.079773518,-0.24674842
C,4.71,0.016727319,-0.0017515182,0,-0.081851173,-0.24659264
C,4.72,0.016719376,-3.4398434e-06,0,-0.084706943,-0.24999319
C,4.73,0.016710808,-0.00093235206,0,-0.08729567,-0.24817122
C,4.74,0.016701334,0.00035677127,0,-0.089915152,0.24929613
C,4.75,0.016692186,-0.00088573732,0,-0.092552419,-0.24826184
C,4.76,0.016682454,0.0001355955,0,-0.095208436,0.24973189
C,4.77,0.016672403,-0.001460062,0,-0.097725897,-0.2471513
C,4.78,0.016662174,-0.00072437256,0,-0.10050093,-0.24857619
C,4.79,0.016650243,-0.0027995966,0,-0.10297414,-0.24461067
C,4.8,0.016639528,-0.0023311829,0,-0.1055057,-0.24549128
C,4.81,0.016628855,0.00050471315,0,-0.10816586,0.24900575
C,4.82,0.01661769,0.00070459418,0,-0.11061063,0.24861479
C,4.83,0.016604641,-0.0019221272,0,-0.11304931,-0.24626714
C,4.84,0.016592404,-0.0020555285,0,-0.11576949,-0.24601341
C,4.85,0.016579749,0.00012836042,0,-0.11831531,0.24974618
C,4.86,0.016567851,-0.00011300395,0,-0.12141829,-0.24977651
C,4.87,0.016556723,-0.0028171998,0,-0.1237089,-0.24457774
C,4.88,0.01654394,-0.0033866097,0,-0.12620383,-0.2435188
C,4.89,0.01653038,-0.0016850719,0,-0.12870488,-0.24671971
C,4.9,0.016516956,-0.0025070436,0,-0.13117797,-0.24515968
C,4.91,0.01650236,-0.0011081772,0,-0.13373184,-0.24783019
C,4.92,0.016488807,-0.0020943676,0,-0.13647434,-0.24593967
C,4.93,0.016474248,-0.0008305098,0,-0.1390814,-0.24836931
C,4.94,0.016460046,-0.0020493246,0,-0.14174752,-0.2460252
C,4.95,0.016444785,-0.0010269299,0,-0.14396313,-0.24798763
C,4.96,0.016431816,-0.0022104486,0,-0.14663707,-0.24571961
C,4.97,0.016416667,-0.0013148764,0,-0.14921864,-0.24743082
C,4.98,0.016400692,-0.0030612644,0,-0.15171828,-0.24412236
C,4.99,0.016385459,-0.0022951633,0,-0.15443697,-0.24555934
C,5,0.016369569,0.00078071543,0,-0.15694776,0.24846631
C,5.01,0.01635536,-0.0035685531,0,-0.14853806,-0.243183
C,5.02,0.016341759,-0.0018927953,0,-0.14411343,-0.24632302
C,5.03,0.01632845,0.00083117209,0,-0.14179498,0.24836802
C,5.04,0.016313413,-0.00061023676,0,-0.13985367,-0.24879915
C,5.05,0.016299674,-0.00084811043,0,-0.13860108,-0.24833505
C,5.06,0.016286301,-2.4915824e-05,0,-0.13759786,-0.24995068
C,5.07,0.016271352,-0.0033443609,0,-0.13640136,-0.24359696
C,5.08,0.016257754,-0.00053012087,0,-0.13529382,-0.24895596
C,5.09,0.016244378,-0.0016033664,0,-0.1342202,-0.24687621
C,5.1,0.016231638,-0.0015817765,0,-0.13329006,-0.2469176
C,5.11,0.016218368,-0.00063463092,0,-0.13230135,-0.24875145
C,5.12,0.016204637,-0.0036756744,0,-0.13118609,-0.24298587
C,5.13,0.016191799,-0.00065448978,0,-0.13023292,-0.24871264
C,5.14,0.016179488,-0.0014882082,0,-0.12919337,-0.24709721
C,5.15,0.016166966,-0.0013545556,0,-0.12820166,-0.24735435
C,5.16,0.016154766,-0.00017853641,0,-0.12723114,-0.24964713
C,5.17,0.016142957,-0.0028767436,0,-0.12632958,-0.24446643
C,5.18,0.016130646,0.00027158874,0,-0.12513628,0.24946373
C,5.19,0.016121596,-4.7078734e-05,0,-0.12446141,-0.24990683
C,5.2,0.016108475,2.0366998e-05,0,-0.12294242,0.24995968
C,5.21,0.016092524,0.00070260868,0,-0.12218152,0.24861866
C,5.22,0.016079636,-0.00209186,0,-0.12090904,-0.24594443
C,5.23,0.016067521,0.0011530458,0,-0.12019231,0.24774336
C,5.24,0.016054829,0.00038593464,0,-0.11904345,0.24923882
C,5.25,0.016042359,0.00064782972,0,-0.11806152,0.24872565
C,5.26,0.016030732,-0.0029010897,0,-0.11718854,-0.24442096
C,5.27,0.016018048,-0.00068244164,0,-0.11608327,-0.24865804
C,5.28,0.016006254,-0.0022700182,0,-0.11490907,-0.24560688
C,5.29,0.015994361,-0.0028774215,0,-0.11392126,-0.24446517
C,5.3,0.015982988,-0.0024172845,0,-0.11309019,-0.24532878
C,5.31,0.015972003,-0.00091463033,0,-0.11217328,-0.24820566
C,5.32,0.015960405,-0.0034411442,0,-0.11116743,-0.24341802
C,5.33,0.015949038,-1.8687735e-05,0,-0.11014617,-0.24996301
C,5.34,0.015938632,-0.00040036599,0,-0.10908599,-0.24921047
C,5.35,0.015927808,0.00013963589,0,-0.10814649,0.24972391
C,5.36,0.015917894,-0.0031378815,0,-0.10713653,-0.24397986
C,5.37,0.015906723,-0.00068933648,0,-0.1061156,-0.24864457
C,5.38,0.015894568,-0.002319411,0,-0.10510054,-0.24551351
C,5.39,0.015884458,-0.0026706799,0,-0.10427938,-0.2448522
C,5.4,0.015874434,-0.0020305952,0,-0.10325929,-0.24606078
C,5.41,0.015863961,-0.00048062372,0,-0.1021537,-0.24905297
C,5.42,0.015854044,-0.0027989182,0,-0.10109022,-0.24461194
C,5.43,0.015844394,0.00082469278,0,-0.10039184,0.24838064
C,5.44,0.015835128,0.00054890138,0,-0.099312317,0.24891918
C,5.45,0.015823946,0.00097375119,0,-0.098305008,0.24809081
C,5.46,0.015813757,-0.0024053053,0,-0.097256375,-0.24535137
C,5.47,0.015804579,0.00026161355,0,-0.096302801,0.24948337
C,5.48,0.015794726,-0.0011267036,0,-0.095193397,-0.24779433
C,5.49,0.015784186,-0.0016370026,0,-0.094125243,-0.24681175
C,5.5,0.015775534,-0.00090231082,0,-0.093520514,-0.24822961
C,5.51,0.015766433,0.00084023537,0,-0.098011458,0.24835038
C,5.52,0.015755291,-0.0034367852,0,-0.10016834,-0.24342607
C,5.53,0.015744821,-0.0034809525,0,-0.10180315,-0.24334453
C,5.54,0.015734667,0.00065503885,0,-0.1030918,0.24871157
C,5.55,0.015722009,-0.0012874812,0,-0.10382871,-0.24748366
C,5.56,0.015712199,0.0013294902,0,-0.10501008,0.24740265
C,5.57,0.015702252,-0.0018061604,0,-0.10564965,-0.24648827
C,5.58,0.015691562,-0.00091953417,0,-0.10638343,-0.24819613
C,5.59,0.015680987,-0.00080622816,0,-0.10738946,-0.2484166
C,5.6,0.015669083,-0.0016760243,0,-0.10792054,-0.24673703
C,5.61,0.015658947,-0.003077888,0,-0.10885642,-0.24409142
C,5.62,0.015648607,-0.00037640227,0,-0.10975056,-0.24925755
C,5.63,0.015637092,-0.0035648508,0,-0.110202,-0.24318982
C,5.64,0.015627295,-0.0023643446,0,-0.11138277,-0.24542866
C,5.65,0.015615519,-0.0022451363,0,-0.11192465,-0.24565395
C,5.66,0.015603485,-0.0029462314,0,-0.11264488,-0.24433671
C,5.67,0.015592467,0.00064635063,0,-0.11378027,0.24872855
C,5.68,0.015581348,-0.0014948161,0,-0.11439129,-0.24708451
C,5.69,0.015570085,0.00048393392,0,-0.11524646,0.24904648
C,5.7,0.015558262,-0.0033317716,0,-0.11590962,-0.24362026
C,5.71,0.015547047,-0.0029162396,0,-0.11686397,-0.24439268
C,5.72,0.015534725,-0.0034438756,0,-0.11744723,-0.24341298
C,5.73,0.01552264,0.00021213477,0,-0.11834248,0.24958087
C,5.74,0.015509532,-0.0019826324,0,-0.11887438,-0.24615198
C,5.75,0.01549718,8.4900563e-05,0,-0.11985813,0.24983204
C,5.76,0.015483625,-0.0037155046,0,-0.12075915,-0.24291269
C,5.77,0.015467683,-0.0036900905,0,-0.12140251,-0.24295938
C,5.78,0.015456925,0.0012482256,0,-0.12270584,0.24755942
C,5.79,0.01544906,0.00086750403,0,-0.12337829,0.24829731
C,5.8,0.015437156,-0.00089805235,0,-0.12392503,-0.24823789
C,5.81,0.015425115,-0.0034665919,0,-0.1245192,-0.24337103
C,5.82,0.015413142,-0.001878339,0,-0.12546633,-0.24635058
C,5.83,0.015399549,-0.001298149,0,-0.12617379,-0.24746308
C,5.84,0.015387118,-0.0013235784,0,-0.12695712,-0.24741404
C,5.85,0.015374648,-0.002129364,0,-0.12788955,-0.24587327
C,5.86,0.015361703,-0.0037788006,0,-0.1284814,-0.2427965
C,5.87,0.01534845,-0.0013127705,0,-0.12927087,-0.24743488
C,5.88,0.015335844,0.00047317078,0,-0.13015833,0.24906759
C,5.89,0.015321996,-0.0036171418,0,-0.1308464,-0.24309354
C,5.9,0.015308717,-0.0034649376,0,-0.13165997,-0.24337409
C,5.91,0.015295736,0.00088730672,0,-0.13252433,0.24825879
C,5.92,0.015281928,-0.00057584401,0,-0.13328504,-0.24886644
C,5.93,0.01526819,-0.0027920244,0,-0.13394395,-0.24462484
C,5.94,0.015253773,-0.00094291174,0,-0.13476715,-0.24815071
C,5.95,0.015239718,0.00019942676,0,-0.13562464,0.24960593
C,5.96,0.015225721,0.00058916811,0,-0.1363745,0.24884036
C,5.97,0.015212601,0.00033753231,0,-0.13716833,0.24933396
C,5.98,0.015198232,-0.00086035117,0,-0.13791841,-0.24831122
C,5.99,0.015184223,-0.0027681181,0,-0.13869048,-0.24466959
C,6,0.015170316,-0.00049629199,0,-0.18496716,-0.24902225
C,6.01,-0.0095072364,-4.5105606,0.021976682,-0.44664307,-0.24021121
C,6.02,-0.068824763,-7.0479801,0.043866632,-0.13185139,-0.2909596
C,6.03,-0.1459238,-8.1641767,0.06558346,-0.052835773,-0.31328353
C,6.04,-0.22893251,-8.3055287,0.087041461,-0.058728794,-0.31611057
C,6.05,-0.3099373,-7.8200709,0.10815595,-0.083202435,-0.30640142
C,6.06,-0.38405849,-6.9696241,0.12884359,-0.10200591,-0.28939248
C,6.07,-0.44865692,-5.943524,0.14902275,-0.10757692,-0.26887048
C,6.08,-0.50267901,-4.87237,0.16861379,-0.1005468,-0.2474474
C,6.09,-0.54613498,-3.840802,0.18753938,-0.083206647,-0.22681604
C,6.1,-0.57969758,-2.8987606,0.20572484,-0.05894588,-0.20797521
C,6.11,-0.60440455,-2.0709939,0.2230984,-0.030656422,-0.19141988
C,6.12,-0.62144724,-1.3647926,0.23959149,-0.00039207357,-0.17729585
C,6.13,-0.63202799,-0.77606486,0.25513902,0.029871584,-0.16552132
C,6.14,-0.6372707,-0.29391337,0.26967963,0.058740917,-0.15615823
C,6.15,-0.63828249,0.0030103906,0.28315595,0.1204504,0.24421709
C,6.16,-0.63804621,0.067801235,0.29551477,0.33639072,0.17712434
C,6.17,-0.63656735,0.23340946,0.30670734,0.41237293,0.15560711
C,6.18,-0.63330339,0.41852891,0.31668947,0.44494307,0.15839374
C,6.19,-0.62817419,0.60503857,0.32542177,0.46527519,0.16210133
C,6.2,-0.62120129,0.78650904,0.33286978,0.48029274,0.1657302
C,6.21,-0.61245597,0.9591375,0.33900411,0.49248237,0.16918275
C,6.22,-0.60203837,1.1208406,0.34380054,0.50240892,0.17241681
C,6.23,-0.59006306,1.270725,0.34724015,0.51079654,0.1754145
C,6.24,-0.5766493,1.4086776,0.34930935,0.51749012,0.17817355
C,6.25,-0.5619149,1.5350557,0.35,0.52277291,0.18070111
C,6.26,-0.54597268,1.6504621,0.34930935,0.52648118,0.18300924
C,6.27,-0.5289289,1.755589,0.34724015,0.52867907,0.18511178
C,6.28,-0.51088286,1.8511168,0.34380054,0.52904366,0.18702234
C,6.29,-0.49192742,1.9376534,0.33900411,0.52818425,0.18875307
C,6.3,-0.47214984,2.0157041,0.33286978,0.52564004,0.19031408
C,6.31,-0.4516329,2.0856625,0.32542177,0.52144125,0.19171325
C,6.32,-0.43045599,2.1478151,0.31668947,0.51585739,0.1929563
C,6.33,-0.40869613,2.2023545,0.30670734,0.5087756,0.19404709
C,6.34,-0.38642881,2.2493965,0.29551477,0.50041644,0.19498793
C,6.35,-0.36372866,2.2889991,0.28315595,0.4905804,0.19577998
C,6.36,-0.34066997,2.3211806,0.26967963,0.47922517,0.19642361
C,6.37,-0.31732696,2.3459369,0.25513902,0.46671242,0.19691874
C,6.38,-0.29377393,2.3632553,0.23959149,0.4530612,0.19726511
C,6.39,-0.27008531,2.3731276,0.2230984,0.4381343,0.19746255
C,6.4,-0.24633556,2.375559,0.20572484,0.42216223,0.19751118
C,6.41,-0.22259898,2.3705758,0.18753938,0.40513699,0.19741152
C,6.42,-0.19894946,2.358231,0.16861379,0.38696968,0.19716462
C,6.43,-0.17546022,2.3386076,0.14902275,0.36839096,0.19677215
C,6.44,-0.15220351,2.3118213,0.12884359,0.34849991,0.19623643
C,6.45,-0.12925021,2.2780214,0.10815595,0.32812927,0.19556043
C,6.46,-0.10666958,2.237391,0.087041461,0.30692511,0.19474782
C,6.47,-0.084528838,2.1901465,0.06558346,0.28524964,0.19380293
C,6.48,-0.062892909,2.136537,0.043866632,0.26308772,0.19273074
C,6.49,-0.041824052,2.0768422,0.021976682,0.2405056,0.19153684
C,6.5,-0.02138158,2.0113716,4.2862638e-17,0.21759182,0.19022743
C,6.51,-0.001621574,1.9404618,-0.021976682,0.19445929,0.18880924
C,6.52,0.017403384,1.8644751,-0.043866632,0.17128338,0.1872895
C,6.53,0.035644455,1.7837974,-0.06558346,0.14793897,0.18567595
C,6.54,0.053056766,1.6988354,-0.087041461,0.12472803,0.18397671
C,6.55,0.06959961,1.610015,-0.10815595,0.10179121,0.1822003
C,6.56,0.085236626,1.5177791,-0.12884359,0.079031137,0.18035558
C,6.57,0.099935955,1.4225845,-0.14902275,0.056450083,0.17845169
C,6.58,0.11367037,1.3249005,-0.16861379,0.034488981,0.17649801
C,6.59,0.12641739,1.2252061,-0.18753938,0.012910226,0.17450412
C,6.6,0.13815937,1.1239875,-0.20572484,-0.008070314,0.17247975
C,6.61,0.14888353,1.0217363,-0.2230984,-0.028090806,0.17043473
C,6.62,0.15858205,0.91894646,-0.23959149,-0.047629205,0.16837893
C,6.63,0.16725203,0.81611235,-0.25513902,-0.066251521,0.16632226
C,6.64,0.17489553,0.71372632,-0.26967963,-0.083878574,0.16427459
C,6.65,0.18151948,0.61227621,-0.28315595,-0.1005961,0.162246
C,6.66,0.1871357,0.51224241,-0.29551477,-0.1162456,0.1602484
C,6.67,0.1917607,0.41409079,-0.30670734,-0.13072683,0.15830712
C,6.68,0.1954155,0.31823863,-0.31668947,-0.14402759,0.15653689
C,6.69,0.19812434,0.22485134,-0.32542177,-0.15575155,0.15561123
C,6.7,0.19990774,0.13259931,-0.33286978,-0.16528212,0.15970309
C,6.71,0.2007356,0.028817307,-0.33900411,-0.16510086,0.20677114
C,6.72,0.20077122,0.0020923416,-0.34380054,-0.20148907,0.24594351
C,6.73,0.20077531,0.00014486302,-0.34724015,-0.26190835,0.24971359
C,6.74,0.20077436,0.0018559822,-0.34930935,-0.31299771,0.2463932
C,6.75,0.20076915,-0.0014019381,-0.35,-0.36112094,-0.24726311
C,6.76,0.20076091,-0.0028507152,-0.34930935,-0.40901158,-0.24451507
C,6.77,0.20074782,-0.00048622443,-0.34724015,-0.4575792,-0.24904199
C,6.78,0.20072778,-0.0015873625,-0.34380054,-0.50638553,-0.24690689
C,6.79,0.20067664,-0.015597723,-0.33900411,-0.55011595,-0.22351344
C,6.8,0.20011966,-0.10672841,-0.33286978,-0.54227968,-0.16396413
C,6.81,0.19845054,-0.22499275,-0.32542177,-0.51161998,-0.15561092
C,6.82,0.19565775,-0.32941538,-0.31668947,-0.49021714,-0.15672594
C,6.83,0.19191829,-0.41429682,-0.30670734,-0.47601182,-0.15831114
C,6.84,0.18743022,-0.47944032,-0.29551477,-0.4646704,-0.15959566
C,6.85,0.18238629,-0.52588482,-0.28315595,-0.45377061,-0.1605204
C,6.86,0.17696592,-0.55518375,-0.26967963,-0.44223164,-0.16110518
C,6.87,0.17133176,-0.56909271,-0.25513902,-0.42979163,-0.16138299
C,6.88,0.16562875,-0.56938054,-0.23959149,-0.41623068,-0.16138874
C,6.89,0.15998455,-0.55771499,-0.2230984,-0.40120873,-0.16115573
C,6.9,0.15451094,-0.53560108,-0.20572484,-0.38511151,-0.16071425
C,6.91,0.14930561,-0.50435603,-0.18753938,-0.3679976,-0.16009128
C,6.92,0.144454,-0.46510856,-0.16861379,-0.34959203,-0.15931129
C,6.93,0.1400312,-0.41881215,-0.14902275,-0.33043135,-0.15839927
C,6.94,0.13610353,-0.36626289,-0.12884359,-0.31050708,-0.15739113
C,6.95,0.13273015,-0.30810556,-0.10815595,-0.28967021,-0.15637289
C,6.96,0.12996468,-0.24477767,-0.087041461,-0.26836347,-0.15564353
C,6.97,0.1278586,-0.17616845,-0.06558346,-0.24690722,-0.15647336
C,6.98,0.12647358,-0.099720831,-0.043866632,-0.2272092,-0.16560372
C,6.99,0.12595797,-0.0018065954,-0.021976682,-0.22077693,-0.24648744
C,7,0.12595196,0.0016357062,-8.5725276e-17,-0.14960995,0.24681423
C,7.01,0.12594856,-7.8375774e-05,0.021976682,-0.072431991,-0.24984494
C,7.02,0.12594951,0.0012134024,0.043866632,0.0031359246,0.24762667
C,7.03,0.12595737,-0.0010109367,0.06558346,0.08238001,-0.24801865
C,7.04,0.12597099,0.00092951325,0.087041461,0.16786886,0.24817674
C,7.05,0.12599542,0.0056667971,0.10815595,0.25923904,0.2393984
C,7.06,0.12642976,0.10057413,0.12884359,0.30284349,0.1653905
C,7.07,0.12822382,0.25934707,0.14902275,0.30322916,0.15574585
C,7.08,0.13164127,0.42190903,0.16861379,0.31084894,0.15845982
C,7.09,0.13665656,0.57818195,0.18753938,0.32592912,0.16156459
C,7.1,0.14318753,0.72475476,0.20572484,0.34414518,0.16449515
C,7.11,0.151128,0.86003983,0.2230984,0.36360265,0.1672008
C,7.12,0.16036201,0.98357128,0.23959149,0.38313249,0.16967143
C,7.13,0.17077277,1.0955853,0.25513902,0.40180948,0.17191171
C,7.14,0.18224806,1.1967133,0.26967963,0.41983921,0.17393427
C,7.15,0.19468305,1.2877636,0.28315595,0.43676357,0.17575527
C,7.16,0.20798119,1.3695749,0.29551477,0.45238938,0.1773915
C,7.17,0.2220541,1.4429236,0.30670734,0.46683368,0.17885847
C,7.18,0.23682062,1.5084727,0.31668947,0.47984931,0.18016945
C,7.19,0.25220553,1.5667504,0.32542177,0.49165256,0.18133501
C,7.2,0.26813819,1.6181477,0.33286978,0.50197184,0.18236295
C,7.21,0.28455125,1.6629294,0.33900411,0.5108581,0.18325859
C,7.22,0.30137941,1.7012518,0.34380054,0.51815766,0.18402504
C,7.23,0.3185585,1.7331844,0.34724015,0.52402462,0.18466369
C,7.24,0.33602469,1.758731,0.34930935,0.52860031,0.18517462
C,7.25,0.35371394,1.777851,0.35,0.53157959,0.18555702
C,7.26,0.37156165,1.7904772,0.34930935,0.53288011,0.18580954
C,7.27,0.38950251,1.7965317,0.34724015,0.53286261,0.18593063
C,7.28,0.4074704,1.7959392,0.34380054,0.53110348,0.18591878
C,7.29,0.42539853,1.7886365,0.33900411,0.52809928,0.18577273
C,7.3,0.44321955,1.774581,0.33286978,0.52350179,0.18549162
C,7.31,0.46086583,1.753756,0.32542177,0.51740515,0.18507512
C,7.32,0.47826972,1.7261746,0.31668947,0.50995479,0.18452349
C,7.33,0.49536386,1.6918823,0.30670734,0.50112457,0.18383765
C,7.34,0.5120815,1.6509583,0.29551477,0.49073886,0.18301917
C,7.35,0.52835687,1.6035156,0.28315595,0.47916404,0.18207031
C,7.36,0.5441255,1.5497012,0.26967963,0.46615861,0.18099402
C,7.37,0.55932456,1.4896948,0.25513902,0.45193763,0.1797939
C,7.38,0.57389316,1.4237083,0.23959149,0.4365676,0.17847417
C,7.39,0.58777271,1.3519838,0.2230984,0.42008756,0.17703968
C,7.4,0.60090716,1.2747922,0.20572484,0.40257776,0.17549584
C,7.41,0.61324334,1.1924318,0.18753938,0.38390413,0.17384864
C,7.42,0.62473117,1.1052258,0.16861379,0.36439868,0.17210452
C,7.43,0.63532391,1.0135213,0.14902275,0.34415799,0.17027043
C,7.44,0.64497844,0.91768638,0.12884359,0.32313088,0.16835373
C,7.45,0.65365539,0.8181089,0.10815595,0.30121866,0.16636219
C,7.46,0.66131937,0.71519401,0.087041461,0.27885924,0.16430394
C,7.47,0.66793911,0.60936211,0.06558346,0.25591631,0.16218775
C,7.48,0.67348762,0.50104586,0.043866632,0.23250822,0.16002536
C,7.49,0.67794227,0.39067983,0.021976682,0.20894261,0.15785402
C,7.5,0.68128451,0.27862058,1.2858791e-16,0.18509047,0.15595254
C,7.51,0.68349661,0.16437819,-0.021976682,0.16172879,0.15702204
C,7.52,0.68452504,0.037281223,-0.043866632,0.14461761,0.19818942
C,7.53,0.68456804,0.0023078324,-0.06558346,0.078477224,0.24553539
C,7.54,0.68456582,-0.0019598861,-0.087041461,-0.022833595,-0.24619525
C,7.55,0.68455639,-0.00063519096,-0.10815595,-0.11844638,-0.24875036
C,7.56,0.68453872,-0.0028865503,-0.12884359,-0.21549484,-0.24444811
C,7.57,0.68449175,-0.019958166,-0.14902275,-0.31138606,-0.21748728
C,7.58,0.68369288,-0.15375352,-0.16861379,-0.33623282,-0.15769371
C,7.59,0.68128503,-0.32736519,-0.18753938,-0.33761588,-0.1566907
C,7.6,0.67712791,-0.50157754,-0.20572484,-0.34770072,-0.16003595
C,7.61,0.67126059,-0.66863515,-0.2230984,-0.36314812,-0.16337286
C,7.62,0.66377595,-0.82468541,-0.23959149,-0.38098247,-0.16649372
C,7.63,0.65479539,-0.9677376,-0.25513902,-0.39906601,-0.16935475
C,7.64,0.64445343,-1.0970625,-0.26967963,-0.41697206,-0.17194125
C,7.65,0.63288739,-1.2127535,-0.28315595,-0.43404261,-0.17425507
C,7.66,0.62023096,-1.3153974,-0.29551477,-0.45003121,-0.17630795
C,7.67,0.60661049,-1.4058348,-0.30670734,-0.46487867,-0.1781167
C,7.68,0.59214337,-1.4849954,-0.31668947,-0.47830968,-0.17969991
C,7.69,0.57693773,-1.5537906,-0.32542177,-0.49036286,-0.18107581
C,7.7,0.56109293,-1.6130503,-0.33286978,-0.50098961,-0.18226101
C,7.71,0.54470062,-1.6634911,-0.33900411,-0.51018705,-0.18326982
C,7.72,0.52784588,-1.7057072,-0.34380054,-0.5177788,-0.18411414
C,7.73,0.51060846,-1.7401757,-0.34724015,-0.52376076,-0.18480351
C,7.74,0.49306386,-1.7672703,-0.34930935,-0.52842153,-0.18534541
C,7.75,0.47528431,-1.7872796,-0.35,-0.53145261,-0.18574559
C,7.76,0.45733948,-1.8004269,-0.34930935,-0.5329638,-0.18600854
C,7.77,0.43929707,-1.8068894,-0.34724015,-0.53286376,-0.18613779
C,7.78,0.42122316,-1.8068151,-0.34380054,-0.53151672,-0.1861363
C,7.79,0.40318244,-1.8003383,-0.33900411,-0.52839965,-0.18600677
C,7.8,0.38523826,-1.7875916,-0.33286978,-0.52378356,-0.18575183
C,7.81,0.36745262,-1.7687153,-0.32542177,-0.51795611,-0.18537431
C,7.82,0.34988605,-1.7438653,-0.31668947,-0.51049076,-0.18487731
C,7.83,0.33259742,-1.7132175,-0.30670734,-0.5015546,-0.18426435
C,7.84,0.31564371,-1.6769717,-0.29551477,-0.49134207,-0.18353943
C,7.85,0.29907979,-1.6353532,-0.28315595,-0.47990872,-0.18270706
C,7.86,0.28295814,-1.5886131,-0.26967963,-0.46696364,-0.18177226
C,7.87,0.2673286,-1.5370289,-0.25513902,-0.45311313,-0.18074058
C,7.88,0.25223809,-1.4809026,-0.23959149,-0.43776749,-0.17961805
C,7.89,0.23773043,-1.4205601,-0.2230984,-0.42146878,-0.1784112
C,7.9,0.22384602,-1.3563487,-0.20572484,-0.404197,-0.17712697
C,7.91,0.21062172,-1.2886355,-0.18753938,-0.38586694,-0.17577271
C,7.92,0.19809063,-1.2178051,-0.16861379,-0.36674677,-0.1743561
C,7.93,0.1862819,-1.1442571,-0.14902275,-0.34663362,-0.17288514
C,7.94,0.17522064,-1.0684041,-0.12884359,-0.32601058,-0.17136808
C,7.95,0.16492777,-0.99066913,-0.10815595,-0.30461143,-0.16981338
C,7.96,0.15541994,-0.91148322,-0.087041461,-0.28251005,-0.16822967
C,7.97,0.14670946,-0.83128323,-0.06558346,-0.26002173,-0.16662567
C,7.98,0.13880424,-0.75050944,-0.043866632,-0.23734511,-0.16501022
C,7.99,0.1317078,-0.66960322,-0.021976682,-0.21420693,-0.16339222
